http://ecx.images-amazon.com/images/I/51uUJkX2WEL._SX425_.jpg,http://ecx.images-amazon.com/images/I/71jCBKAcaLL._SX425_.jpg,http://ecx.images-amazon.com/images/I/61gMUqe3b9L._SX342_.jpg,http://ecx.images-amazon.com/images/I/6153QdKC3WL._SX425_.jpg,http://ecx.images-amazon.com/images/I/61w%2B7PZpaBL._SX342_.jpg,http://ecx.images-amazon.com/images/I/41pcOEG33UL._SX385_.jpg,http://ecx.images-amazon.com/images/I/71XDJeRLciL._SX425_.jpg,http://ecx.images-amazon.com/images/I/614egW2uZQL._SX425_.jpg,http://ecx.images-amazon.com/images/I/61qPFH2RHsL._SX425_.jpg,http://ecx.images-amazon.com/images/I/716Rz67Vp1L._SX425_.jpg,http://ecx.images-amazon.com/images/I/71%2BC3-qCC2L._SY606_.jpg
http://ecx.images-amazon.com/images/I/51e7aW719tL._SX385_.jpg,http://ecx.images-amazon.com/images/I/41tTuso7W3L._SX425_.jpg,http://ecx.images-amazon.com/images/I/51y0Fpio5GL._SX385_.jpg,http://ecx.images-amazon.com/images/I/51Ot7buHSbL._SX522_.jpg,http://ecx.images-amazon.com/images/I/51DTQduenML._SX425_.jpg,http://ecx.images-amazon.com/images/I/81Ev7JpsSSL._SX466_.jpg,http://ecx.images-amazon.com/images/I/51Bhh4q506L._SX466_.jpg,http://ecx.images-amazon.com/images/I/51kYbzfVDXL._SX425_.jpg,http://ecx.images-amazon.com/images/I/51e-MJdIdeL._SX342_.jpg,http://ecx.images-amazon.com/images/I/51KD9FCLtoL._SX385_.jpg
http://ecx.images-amazon.com/images/I/71pVt9CtweL._SX425_.jpg,http://ecx.images-amazon.com/images/I/81j32Yo6kDL._SX522_.jpg,http://ecx.images-amazon.com/images/I/61Esu82GyUL._SX385_.jpg,http://ecx.images-amazon.com/images/I/518qgVE%2BZML._SX342_.jpg,http://ecx.images-amazon.com/images/I/51-%2B9KmkalL._SX342_.jpg,http://ecx.images-amazon.com/images/I/71TyuzQQLYL._SX425_.jpg,http://ecx.images-amazon.com/images/I/41NAPi6tl7L._SX425_.jpg,http://ecx.images-amazon.com/images/I/81arFPPHtbL._SY679_.jpg,http://ecx.images-amazon.com/images/I/61gLp0OE9PL._SX466_.jpg,http://ecx.images-amazon.com/images/I/71M0dNYS9zL._SX342_.jpg
http://ecx.images-amazon.com/images/I/61g9PnpH8zL._SY550_.jpg,http://ecx.images-amazon.com/images/I/71H%2BQL1gy7L._SY679_.jpg,http://ecx.images-amazon.com/images/I/813yKNgl5mL._SY606_.jpg,http://ecx.images-amazon.com/images/I/218HsUkBpuL.jpg,http://ecx.images-amazon.com/images/I/71FU3VBAf1L._SX385_.jpg,http://ecx.images-amazon.com/images/I/41RxHMDwFmL._SX342_.jpg,http://ecx.images-amazon.com/images/I/81WQ9eiHORL._SX342_.jpg,http://ecx.images-amazon.com/images/I/51MNaMB9twL._SX385_.jpg,http://ecx.images-amazon.com/images/I/812R33tUQeL._SX385_.jpg,http://ecx.images-amazon.com/images/I/61It7wzIO0L._SY445_.jpg
http://ecx.images-amazon.com/images/I/61s%2B23KF5cL._SX466_.jpg,http://ecx.images-amazon.com/images/I/812R33tUQeL._SX385_.jpg,http://ecx.images-amazon.com/images/I/61ZhUgNyQVL._SX342_.jpg,http://ecx.images-amazon.com/images/I/71a1iBnAvVL._SX466_.jpg,http://ecx.images-amazon.com/images/I/71IZTlT-I9L._SY606_.jpg,http://ecx.images-amazon.com/images/I/61ntvfr9I4L._SX425_.jpg,http://ecx.images-amazon.com/images/I/41thTGb6CUL._SX466_.jpg,http://ecx.images-amazon.com/images/I/71Jypi1v%2BNL._SY679_.jpg,http://ecx.images-amazon.com/images/I/61FvEMhulkL._SX425_.jpg,http://ecx.images-amazon.com/images/I/81D1WaRSjLL._SX342_.jpg
http://ecx.images-amazon.com/images/I/51nooq2SZgL._SX385_.jpg,http://ecx.images-amazon.com/images/I/81qUASMGn1L._SY606_.jpg,http://ecx.images-amazon.com/images/I/71snOud8jJL._SX425_.jpg,http://ecx.images-amazon.com/images/I/714km8quEEL._SX385_.jpg,http://ecx.images-amazon.com/images/I/616qejtmbbL._SX342_.jpg,http://ecx.images-amazon.com/images/I/61Esu82GyUL._SX385_.jpg,http://ecx.images-amazon.com/images/I/714vVxhO9rL._SX385_.jpg,http://ecx.images-amazon.com/images/I/81HgDGfDRVL._SY679_.jpg,http://ecx.images-amazon.com/images/I/61cmMSPk9KL._SY550_.jpg,http://ecx.images-amazon.com/images/I/715wSQEIW4L._SX342_.jpg
http://ecx.images-amazon.com/images/I/51H5UV5pgAL._SX385_.jpg,http://ecx.images-amazon.com/images/I/61mVivA82pL._SX385_.jpg,http://ecx.images-amazon.com/images/I/71t3%2BNUYUwL._SX466_.jpg,http://ecx.images-amazon.com/images/I/71v0Wxw4fxL._SX342_.jpg,http://ecx.images-amazon.com/images/I/41qi0c9hRWL._SX425_.jpg,http://ecx.images-amazon.com/images/I/61au3ywoclL._SX425_.jpg,http://ecx.images-amazon.com/images/I/71OeHyhjlgL._SY679_.jpg,http://ecx.images-amazon.com/images/I/71WwrUuwV4L._SX342_.jpg,http://ecx.images-amazon.com/images/I/414%2BrDTSSBL._SX425_.jpg,http://ecx.images-amazon.com/images/I/61PUs%2BpQPIL._SY606_.jpg
http://ecx.images-amazon.com/images/I/61hza6XosVL._SX425_.jpg,http://ecx.images-amazon.com/images/I/81FhOLJP9CL._SX522_.jpg,http://ecx.images-amazon.com/images/I/514f4vlVyQL._SY445_.jpg,http://ecx.images-amazon.com/images/I/61LjcPQ7MWL._SX466_.jpg,http://ecx.images-amazon.com/images/I/71WVabjZNdL._SX385_.jpg,http://ecx.images-amazon.com/images/I/71vEqQATuOL._SX522_.jpg,http://ecx.images-amazon.com/images/I/31b2s8aNz7L._SX425_.jpg,http://ecx.images-amazon.com/images/I/61PdRB%2BdyqL._SX385_.jpg,http://ecx.images-amazon.com/images/I/61ety4lKgaL._SX385_.jpg,http://ecx.images-amazon.com/images/I/61RdKCeRGZL._SX342_.jpg
http://ecx.images-amazon.com/images/I/61ieP3glJSL._SX342_.jpg,http://ecx.images-amazon.com/images/I/71Dro%2B5MLHL._SY606_.jpg,http://ecx.images-amazon.com/images/I/319fxPDRyJL._SY445_.jpg,http://ecx.images-amazon.com/images/I/71xOXGyFB1L._SX425_.jpg,http://ecx.images-amazon.com/images/I/51tpnIGztRL._SX425_.jpg,http://ecx.images-amazon.com/images/I/715s5UnAqUL._SX522_.jpg,http://ecx.images-amazon.com/images/I/71sTElJM6oL._SY606_.jpg,http://ecx.images-amazon.com/images/I/6109bwRL1ML._SY445_.jpg,http://ecx.images-amazon.com/images/I/611YgvubOhL._SX522_.jpg,http://ecx.images-amazon.com/images/I/61seobPQYTL._SX466_.jpg
http://ecx.images-amazon.com/images/I/81azspERduL._SX425_.jpg,http://ecx.images-amazon.com/images/I/51%2BAIuDzuxL._SY445_.jpg,http://ecx.images-amazon.com/images/I/810ENwpmkBL._SY445_.jpg,http://ecx.images-amazon.com/images/I/51gSsvphZQL.jpg,http://ecx.images-amazon.com/images/I/71sZt7Mum5L._SY606_.jpg,http://ecx.images-amazon.com/images/I/81gT6WQzW4L._SY445_.jpg,http://ecx.images-amazon.com/images/I/81kKSNkfkVL._SY445_.jpg,http://ecx.images-amazon.com/images/I/51AOTNWJQ-L._SX466_.jpg,http://ecx.images-amazon.com/images/I/61fqeo7uc%2BL._SX522_.jpg,http://ecx.images-amazon.com/images/I/41aarxZ8seL.jpg
http://ecx.images-amazon.com/images/I/41ULU7riPiL.jpg,http://ecx.images-amazon.com/images/I/51yMN0eDETL._SY606_.jpg,http://ecx.images-amazon.com/images/I/61qu8xQKbgL._SX342_.jpg,http://ecx.images-amazon.com/images/I/51PfljP4gpL._SX342_.jpg,http://ecx.images-amazon.com/images/I/51phgnHeYPL._SX385_.jpg,http://ecx.images-amazon.com/images/I/61i%2BiiRSycL._SX466_.jpg,http://ecx.images-amazon.com/images/I/61C4VHLHi1L._SX342_.jpg,http://ecx.images-amazon.com/images/I/61ksXwjQbcL._SX385_.jpg,http://ecx.images-amazon.com/images/I/619vCrX6F5L._SY445_.jpg,http://ecx.images-amazon.com/images/I/61BcMcA2ebL._SY679_.jpg
http://ecx.images-amazon.com/images/I/61wfn4AEodL._SX466_.jpg,http://ecx.images-amazon.com/images/I/61KivJ2o5nL._SX385_.jpg,http://ecx.images-amazon.com/images/I/614e6S1WmtL._SX466_.jpg,http://ecx.images-amazon.com/images/I/41zbM0FrtDL._SX466_.jpg,http://ecx.images-amazon.com/images/I/81J1sq8r6aL._SY606_.jpg,http://ecx.images-amazon.com/images/I/71ye8X%2BoECL._SY606_.jpg,http://ecx.images-amazon.com/images/I/717f5yzA-pL._SY679_.jpg,http://ecx.images-amazon.com/images/I/41fyqF2oloL._SX342_.jpg,http://ecx.images-amazon.com/images/I/71nZExL9uaL._SY606_.jpg,http://ecx.images-amazon.com/images/I/41CD9W4ghQL._SX385_.jpg
http://ecx.images-amazon.com/images/I/410ryaSlRYL.jpg,http://ecx.images-amazon.com/images/I/81yhbNqh1tL._SX342_.jpg,http://ecx.images-amazon.com/images/I/613oo2MnhoL._SX425_.jpg,http://ecx.images-amazon.com/images/I/71QiHXlxPpL._SY445_.jpg,http://ecx.images-amazon.com/images/I/51rrxoCmqUL._SX425_.jpg,http://ecx.images-amazon.com/images/I/61MhrtZpWgL._SX466_.jpg,http://ecx.images-amazon.com/images/I/51btvjxWmNL._SY606_.jpg,http://ecx.images-amazon.com/images/I/71lS7fh%2BelL._SX466_.jpg,http://ecx.images-amazon.com/images/I/71-TGMhqsIL._SY445_.jpg,http://ecx.images-amazon.com/images/I/71uBRFMeNwL._SX385_.jpg
http://ecx.images-amazon.com/images/I/51sSLNst90L.jpg,http://ecx.images-amazon.com/images/I/71yDtniOSWL._SX522_.jpg,http://ecx.images-amazon.com/images/I/71H6vGCmd4L._SX466_.jpg,http://ecx.images-amazon.com/images/I/71onkl9-jLL._SX522_.jpg,http://ecx.images-amazon.com/images/I/51xHOWuEq3L._SX466_.jpg,http://ecx.images-amazon.com/images/I/71r2JDO2U0L._SY606_.jpg,http://ecx.images-amazon.com/images/I/51hoWI6fHPL._SX342_.jpg,http://ecx.images-amazon.com/images/I/41aKgVCwNIL._SX385_.jpg,http://ecx.images-amazon.com/images/I/416dYw2sAlL._SY445_.jpg,http://ecx.images-amazon.com/images/I/6117Pg3MuhL._SX522_.jpg
http://ecx.images-amazon.com/images/I/81-OQuuPgIL._SX522_.jpg,http://ecx.images-amazon.com/images/I/414ZN24u9dL.jpg,http://ecx.images-amazon.com/images/I/41UAvk6ZeiL._SY445_.jpg,http://ecx.images-amazon.com/images/I/81uGVoVcKOL._SX342_.jpg,http://ecx.images-amazon.com/images/I/813mHIqKrTL._SX425_.jpg,http://ecx.images-amazon.com/images/I/81Drlkt6QPL._SX466_.jpg,http://ecx.images-amazon.com/images/I/61mwZ7s8G4L._SX425_.jpg,http://ecx.images-amazon.com/images/I/618bUNrw6aL._SX385_.jpg,http://ecx.images-amazon.com/images/I/51ehtIUjKtL._SX522_.jpg,http://ecx.images-amazon.com/images/I/41i1dXscexL.jpg
http://ecx.images-amazon.com/images/I/71WyEH8fAQL._SY550_.jpg,http://ecx.images-amazon.com/images/I/712PWd08MuL._SX425_.jpg,http://ecx.images-amazon.com/images/I/61J8DDCEw9L._SY550_.jpg,http://ecx.images-amazon.com/images/I/810s-RDOnSL._SY550_.jpg,http://ecx.images-amazon.com/images/I/71hvoB2jmcL._SX522_.jpg,http://ecx.images-amazon.com/images/I/51Z9TahAP0L._SX466_.jpg,http://ecx.images-amazon.com/images/I/715dhYZz4UL._SX466_.jpg,http://ecx.images-amazon.com/images/I/71xCwGreUYL._SX425_.jpg,http://ecx.images-amazon.com/images/I/61XkjRRqTlL._SX522_.jpg,http://ecx.images-amazon.com/images/I/61q4P%2BanhEL._SX522_.jpg
http://ecx.images-amazon.com/images/I/61-D9c4CjZL._SY606_.jpg,http://ecx.images-amazon.com/images/I/71Meh11XioL._SX522_.jpg,http://ecx.images-amazon.com/images/I/716bPO2t8yL._SX385_.jpg,http://ecx.images-amazon.com/images/I/51dQKl2oSHL.jpg,http://ecx.images-amazon.com/images/I/61b2J53GOuL._SX425_.jpg,http://ecx.images-amazon.com/images/I/81VvXaRkXcL._SY679_.jpg,http://ecx.images-amazon.com/images/I/71lwyC5ztXL._SY445_.jpg,http://ecx.images-amazon.com/images/I/51eVNkXHsFL.jpg,http://ecx.images-amazon.com/images/I/41Odm1VcnHL._SX466_.jpg,http://ecx.images-amazon.com/images/I/71d56HI8KGL._SY606_.jpg
http://ecx.images-amazon.com/images/I/71pPonrvwjL._SX385_.jpg,http://ecx.images-amazon.com/images/I/81Jx9fglkuL._SX385_.jpg,http://ecx.images-amazon.com/images/I/81KihpTkweL._SX522_.jpg,http://ecx.images-amazon.com/images/I/41YCCTgYFEL._SY445_.jpg,http://ecx.images-amazon.com/images/I/41VLRRjNiXL.jpg,http://ecx.images-amazon.com/images/I/716G0DZ4UxL._SX466_.jpg,http://ecx.images-amazon.com/images/I/71VcTlG4W-L._SX425_.jpg,http://ecx.images-amazon.com/images/I/71mkEXP4nPL._SX385_.jpg,http://ecx.images-amazon.com/images/I/51GjQvtrkuL._SX466_.jpg,http://ecx.images-amazon.com/images/I/71Wh7wMTQtL._SX385_.jpg
http://ecx.images-amazon.com/images/I/719l-NeJbML._SX385_.jpg,http://ecx.images-amazon.com/images/I/51mtJo6NA8L._SX385_.jpg,http://ecx.images-amazon.com/images/I/71BiTz-QzpL._SX385_.jpg,http://ecx.images-amazon.com/images/I/71FHAxcRTIL._SY445_.jpg,http://ecx.images-amazon.com/images/I/51JJ4sVNMyL._SX342_.jpg,http://ecx.images-amazon.com/images/I/81MYaQraGAL._SX342_.jpg,http://ecx.images-amazon.com/images/I/51LNHokai%2BL._SX425_.jpg,http://ecx.images-amazon.com/images/I/71xnkg1UsXL._SX385_.jpg,http://ecx.images-amazon.com/images/I/81HZcUYOKQL._SX342_.jpg,http://ecx.images-amazon.com/images/I/613sw5ubJpL._SX385_.jpg
http://ecx.images-amazon.com/images/I/515GYjKKizL._SY445_.jpg,http://ecx.images-amazon.com/images/I/81iyGMoGwZL._SX385_.jpg,http://ecx.images-amazon.com/images/I/61D1Bl6fDNL._SY445_.jpg,http://ecx.images-amazon.com/images/I/511AhqC%2BzUL._SX342_.jpg,http://ecx.images-amazon.com/images/I/91EvTsLr8JL._SX522_.jpg,http://ecx.images-amazon.com/images/I/81Qcm-eeLKL._SY606_.jpg,http://ecx.images-amazon.com/images/I/61RPcS6v2gL._SX425_.jpg,http://ecx.images-amazon.com/images/I/51hAzlTo5aL._SY606_.jpg,http://ecx.images-amazon.com/images/I/61B7GlVB9ML._SX342_.jpg,http://ecx.images-amazon.com/images/I/61F1Zc6696L._SX522_.jpg
http://ecx.images-amazon.com/images/I/41mifIysWfL._SX466_.jpg,http://ecx.images-amazon.com/images/I/71UyF8TVFsL._SY606_.jpg,http://ecx.images-amazon.com/images/I/81%2BSSUCitWL._SY606_.jpg,http://ecx.images-amazon.com/images/I/61HwOhU0oSL._SX342_.jpg,http://ecx.images-amazon.com/images/I/51OMAa%2BVDsL._SX466_.jpg,http://ecx.images-amazon.com/images/I/71XHAlD4SGL._SX522_.jpg,http://ecx.images-amazon.com/images/I/61VhHzBtQ%2BL._SX466_.jpg,http://ecx.images-amazon.com/images/I/71Ip0KHXe5L._SY450_.jpg,http://ecx.images-amazon.com/images/I/81LeWpAxrlL._SX342_.jpg,http://ecx.images-amazon.com/images/I/71Zb5wBc1jL._SY445_.jpg
http://ecx.images-amazon.com/images/I/91VD9HEyYAL._SX466_.jpg,http://ecx.images-amazon.com/images/I/61WnODcnhML._SX342_.jpg,http://ecx.images-amazon.com/images/I/41X-j1V0SzL._SX342_.jpg,http://ecx.images-amazon.com/images/I/91w4Q5xGwvL._SX466_.jpg,http://ecx.images-amazon.com/images/I/81b-R1XAB6L._SX425_.jpg,http://ecx.images-amazon.com/images/I/810i-rp-KvL._SY550_.jpg,http://ecx.images-amazon.com/images/I/51vJYLvguqL._SX425_.jpg,http://ecx.images-amazon.com/images/I/711DAnnzFlL._SX466_.jpg,http://ecx.images-amazon.com/images/I/61lCCDUgJLL._SY445_.jpg,http://ecx.images-amazon.com/images/I/716489-hHzL._SY550_.jpg
http://ecx.images-amazon.com/images/I/31WL291pnFL._SX385_.jpg,http://ecx.images-amazon.com/images/I/61HLepnHpJL._SX522_.jpg,http://ecx.images-amazon.com/images/I/61lx-iP9%2BbL._SX522_.jpg,http://ecx.images-amazon.com/images/I/71Y%2BFpZYcFL._SX425_.jpg,http://ecx.images-amazon.com/images/I/8191Nf5J2FL._SY445_.jpg,http://ecx.images-amazon.com/images/I/81mYpv77MsL._SX385_.jpg,http://ecx.images-amazon.com/images/I/61lzs0wy%2B5L._SY445_.jpg,http://ecx.images-amazon.com/images/I/61uaOZY%2BI2L._SY606_.jpg,http://ecx.images-amazon.com/images/I/81WQ9eiHORL._SX342_.jpg,http://ecx.images-amazon.com/images/I/41TtOVaBWrL.jpg
http://ecx.images-amazon.com/images/I/61TZ3B6n0vL._SY550_.jpg,http://ecx.images-amazon.com/images/I/714Os58eADL._SX385_.jpg,http://ecx.images-amazon.com/images/I/71OiGkGijRL._SX425_.jpg,http://ecx.images-amazon.com/images/I/51B6KbtMhLL._SX425_.jpg,http://ecx.images-amazon.com/images/I/61Slj6eckVL._SX385_.jpg,http://ecx.images-amazon.com/images/I/81BN8SzOXJL._SX425_.jpg,http://ecx.images-amazon.com/images/I/61RuHTipIiL._SX385_.jpg,http://ecx.images-amazon.com/images/I/61yJfa3-StL._SX385_.jpg,http://ecx.images-amazon.com/images/I/717vU1y9WFL._SY550_.jpg,http://ecx.images-amazon.com/images/I/41QLK8RWe5L.jpg
http://ecx.images-amazon.com/images/I/61vPTxWuUGL._SY606_.jpg,http://ecx.images-amazon.com/images/I/71h5SlT0eML._SY679_.jpg,http://ecx.images-amazon.com/images/I/61iwDRadd4L._SX425_.jpg,http://ecx.images-amazon.com/images/I/51ZZNOGgoWL._SX385_.jpg,http://ecx.images-amazon.com/images/I/71O0iUrY%2BIL._SX466_.jpg,http://ecx.images-amazon.com/images/I/71NDCCHybfL._SX450_.jpg,http://ecx.images-amazon.com/images/I/41KPjhBgdDL._SX466_.jpg,http://ecx.images-amazon.com/images/I/51Eyw15wEGL._SX342_.jpg,http://ecx.images-amazon.com/images/I/61jyaj5bhoL._SX466_.jpg,http://ecx.images-amazon.com/images/I/71h73jq7pKL._SX466_.jpg
http://ecx.images-amazon.com/images/I/71WHCo3liUL._SY606_.jpg,http://ecx.images-amazon.com/images/I/41N7GmJy71L._SX342_.jpg,http://ecx.images-amazon.com/images/I/41Ahh59I%2BmL._SX342_.jpg,http://ecx.images-amazon.com/images/I/41FHhfBJT2L._SX342_.jpg,http://ecx.images-amazon.com/images/I/71e39sSs8EL._SX466_.jpg,http://ecx.images-amazon.com/images/I/513wDaCeSsL._SX466_.jpg,http://ecx.images-amazon.com/images/I/71LzdMD%2BmsL._SX425_.jpg,http://ecx.images-amazon.com/images/I/71MnbmnyT2L._SX385_.jpg,http://ecx.images-amazon.com/images/I/71VTZ6uj%2BbL._SX342_.jpg,http://ecx.images-amazon.com/images/I/61Sy5qcO69L._SY606_.jpg
http://ecx.images-amazon.com/images/I/61YnFC8Q%2BkL._SX385_.jpg,http://ecx.images-amazon.com/images/I/413jMTKfOuL.jpg,http://ecx.images-amazon.com/images/I/81i7j8N7v1L._SX342_.jpg,http://ecx.images-amazon.com/images/I/51cVa%2BO4ALL._SX425_.jpg,http://ecx.images-amazon.com/images/I/81nDdMEV4kL._SX522_.jpg,http://ecx.images-amazon.com/images/I/61Nf2HTlwfL._SX522_.jpg,http://ecx.images-amazon.com/images/I/51sFmT6DTtL._SX466_.jpg,http://ecx.images-amazon.com/images/I/41wWMv336xL._SX342_.jpg,http://ecx.images-amazon.com/images/I/61hkH%2BGTypL._SY550_.jpg,http://ecx.images-amazon.com/images/I/612Y45iUBiL._SY445_.jpg
http://ecx.images-amazon.com/images/I/61iyC0obeAL._SX385_.jpg,http://ecx.images-amazon.com/images/I/81FmYSA2uZL._SY550_.jpg,http://ecx.images-amazon.com/images/I/61MhQEqyv%2BL._SY445_.jpg,http://ecx.images-amazon.com/images/I/61x9l2gV3qL._SX466_.jpg,http://ecx.images-amazon.com/images/I/61vq1omTOzL._SX385_.jpg,http://ecx.images-amazon.com/images/I/5157bQxCiAL._SX425_.jpg,http://ecx.images-amazon.com/images/I/51fIJAmGB4L.jpg,http://ecx.images-amazon.com/images/I/81AYN3FMN6L._SX385_.jpg,http://ecx.images-amazon.com/images/I/81nqrFNcZKL._SY445_.jpg,http://ecx.images-amazon.com/images/I/41kjtH-h2FL._SX342_.jpg
http://ecx.images-amazon.com/images/I/81WgIYoSmxL._SX385_.jpg,http://ecx.images-amazon.com/images/I/51oCHq0CEAL._SY445_.jpg,http://ecx.images-amazon.com/images/I/51Hr1uZsa5L.jpg,http://ecx.images-amazon.com/images/I/519moVvT5IL._SX342_.jpg,http://ecx.images-amazon.com/images/I/81VHy5aWmdL._SY606_.jpg,http://ecx.images-amazon.com/images/I/41GIHQbPx%2BL._SX466_.jpg,http://ecx.images-amazon.com/images/I/51AZB3FaFlL._SX342_.jpg,http://ecx.images-amazon.com/images/I/414ZyZGhLWL.jpg,http://ecx.images-amazon.com/images/I/71ig-0CMA5L._SX522_.jpg,http://ecx.images-amazon.com/images/I/61nbeO256EL._SY606_.jpg
http://ecx.images-amazon.com/images/I/71uGRvoSyFL._SX425_.jpg,http://ecx.images-amazon.com/images/I/51n2z4aR8QL._SX385_.jpg,http://ecx.images-amazon.com/images/I/51l5NxZcHZL._SX385_.jpg,http://ecx.images-amazon.com/images/I/41zNsigyo%2BL._SY355_.jpg,http://ecx.images-amazon.com/images/I/41yzZLCSkuL._SX425_.jpg,http://ecx.images-amazon.com/images/I/71JQBTCERdL._SY550_.jpg,http://ecx.images-amazon.com/images/I/51phgnHeYPL._SX385_.jpg,http://ecx.images-amazon.com/images/I/412oxc0L1qL._SX466_.jpg,http://ecx.images-amazon.com/images/I/51h%2BaiEKCQL.jpg,http://ecx.images-amazon.com/images/I/41OeRh-81ML._SX425_.jpg
http://ecx.images-amazon.com/images/I/81TpSpBZXeL._SY445_.jpg,http://ecx.images-amazon.com/images/I/41zbSEGU6NL._SX466_.jpg,http://ecx.images-amazon.com/images/I/71hEVCMesdL._SX342_.jpg,http://ecx.images-amazon.com/images/I/919K%2B%2B0S2kL._SY679_.jpg,http://ecx.images-amazon.com/images/I/61tAwzV8WeL._SY606_.jpg,http://ecx.images-amazon.com/images/I/81f9u68dSvL._SX466_.jpg,http://ecx.images-amazon.com/images/I/71CpHIBHZBL._SY606_.jpg,http://ecx.images-amazon.com/images/I/51bD1nYqs6L._SX342_.jpg,http://ecx.images-amazon.com/images/I/61uCBvZQpgL._SX342_.jpg,http://ecx.images-amazon.com/images/I/712YkdHXaKL._SY550_.jpg
http://ecx.images-amazon.com/images/I/715X0k0onTL._SX385_.jpg,http://ecx.images-amazon.com/images/I/71UcTJkF7JL._SY550_.jpg,http://ecx.images-amazon.com/images/I/51DjfQ8eULL.jpg,http://ecx.images-amazon.com/images/I/81CNqN%2BlxtL._SX342_.jpg,http://ecx.images-amazon.com/images/I/61kORMNs8lL._SX466_.jpg,http://ecx.images-amazon.com/images/I/81O614886mL._SY445_.jpg,http://ecx.images-amazon.com/images/I/61TFR%2BoYIVL._SY606_.jpg,http://ecx.images-amazon.com/images/I/71ex08KLA6L._SX385_.jpg,http://ecx.images-amazon.com/images/I/417YRorONML._SX342_.jpg,http://ecx.images-amazon.com/images/I/61M8Wo%2BpRsL._SX342_.jpg
http://ecx.images-amazon.com/images/I/71nI3GSD61L._SX425_.jpg,http://ecx.images-amazon.com/images/I/81FmYSA2uZL._SY550_.jpg,http://ecx.images-amazon.com/images/I/51ROGXBpP2L._SX385_.jpg,http://ecx.images-amazon.com/images/I/81iovmTB-EL._SX385_.jpg,http://ecx.images-amazon.com/images/I/81hhtIqsa6L._SY445_.jpg,http://ecx.images-amazon.com/images/I/51DBQ6FmNGL._SX466_.jpg,http://ecx.images-amazon.com/images/I/61D61C5KcuL._SX342_.jpg,http://ecx.images-amazon.com/images/I/81srhIDpqlL._SX522_.jpg,http://ecx.images-amazon.com/images/I/61lsgWzlQ3L._SX425_.jpg,http://ecx.images-amazon.com/images/I/71h4N284rTL._SX522_.jpg
http://ecx.images-amazon.com/images/I/710wMpLU7CL._SY679_.jpg,http://ecx.images-amazon.com/images/I/41XvAJLxAoL.jpg,http://ecx.images-amazon.com/images/I/91mvzn8996L._SX425_.jpg,http://ecx.images-amazon.com/images/I/41NCN5lapXL._SX466_.jpg,http://ecx.images-amazon.com/images/I/41ft5NPiHgL._SX342_.jpg,http://ecx.images-amazon.com/images/I/81pgom4Wf3L._SX522_.jpg,http://ecx.images-amazon.com/images/I/71qT6jFJmmL._SY550_.jpg,http://ecx.images-amazon.com/images/I/81rMWLR8ieL._SY679_.jpg,http://ecx.images-amazon.com/images/I/711VEr4vctL._SX466_.jpg,http://ecx.images-amazon.com/images/I/61A7khcaJaL._SX342_.jpg
http://ecx.images-amazon.com/images/I/81NMmYwV0cL._SY606_.jpg,http://ecx.images-amazon.com/images/I/71GvxWATJqL._SX425_.jpg,http://ecx.images-amazon.com/images/I/711WJDYRzsL._SX385_.jpg,http://ecx.images-amazon.com/images/I/41ltsMv%2BCvL._SX425_.jpg,http://ecx.images-amazon.com/images/I/611pCvpbJOL._SY550_.jpg,http://ecx.images-amazon.com/images/I/81dgUt0gZVL._SY445_.jpg,http://ecx.images-amazon.com/images/I/61K-8zpyciL._SX466_.jpg,http://ecx.images-amazon.com/images/I/51etxqe11yL._SX425_.jpg,http://ecx.images-amazon.com/images/I/71MxQUQe8KL._SY445_.jpg,http://ecx.images-amazon.com/images/I/61vKDRqI13L._SX466_.jpg
http://ecx.images-amazon.com/images/I/51Yz0HybWqL.jpg,http://ecx.images-amazon.com/images/I/61qiIoSJ4sL._SX425_.jpg,http://ecx.images-amazon.com/images/I/51KIhuXXBCL.jpg,http://ecx.images-amazon.com/images/I/91ZRVRf0UTL._SY445_.jpg,http://ecx.images-amazon.com/images/I/61Uy8S7wD9L._SX466_.jpg,http://ecx.images-amazon.com/images/I/51WG%2BchzNrL._SX466_.jpg,http://ecx.images-amazon.com/images/I/815g2Wze%2B0L._SX385_.jpg,http://ecx.images-amazon.com/images/I/71I8b2HzIwL._SX425_.jpg,http://ecx.images-amazon.com/images/I/917OQ4-wV2L._SX522_.jpg,http://ecx.images-amazon.com/images/I/71NNP96D%2BrL._SX342_.jpg
http://ecx.images-amazon.com/images/I/61Y5dIKKFNL._SX425_.jpg,http://ecx.images-amazon.com/images/I/41EOxmJ8N3L.jpg,http://ecx.images-amazon.com/images/I/51tBIB35lcL._SX466_.jpg,http://ecx.images-amazon.com/images/I/51ahDKlKb9L._SY445_.jpg,http://ecx.images-amazon.com/images/I/517t-wgYv3L.jpg,http://ecx.images-amazon.com/images/I/416%2BOuWN-sL._SY450_.jpg,http://ecx.images-amazon.com/images/I/61hI8QFj0yL._SY445_.jpg,http://ecx.images-amazon.com/images/I/719qfd7QPEL._SX385_.jpg,http://ecx.images-amazon.com/images/I/71Chvj2QsSL._SX425_.jpg,http://ecx.images-amazon.com/images/I/610w6Nklg1L._SY550_.jpg
http://ecx.images-amazon.com/images/I/71FYFJRTZ1L._SX466_.jpg,http://ecx.images-amazon.com/images/I/61lwF7QczlL._SX342_.jpg,http://ecx.images-amazon.com/images/I/81-P7CS5uuS._SY606_.jpg,http://ecx.images-amazon.com/images/I/71J0HySy7jL._SY606_.jpg,http://ecx.images-amazon.com/images/I/81OxvVCCvxL._SY445_.jpg,http://ecx.images-amazon.com/images/I/51ApCJxXmRL.jpg,http://ecx.images-amazon.com/images/I/81XgNncQ-iL._SY679_.jpg,http://ecx.images-amazon.com/images/I/71P8-0Ykg5L._SX466_.jpg,http://ecx.images-amazon.com/images/I/41nyGMPvEVL._SX342_.jpg,http://ecx.images-amazon.com/images/I/61s8iQERAxL._SX342_.jpg
http://ecx.images-amazon.com/images/I/51DnEw0t5BL._SX385_.jpg,http://ecx.images-amazon.com/images/I/41tX21JgOwL._SX466_.jpg,http://ecx.images-amazon.com/images/I/71DnJUS33XL._SX522_.jpg,http://ecx.images-amazon.com/images/I/61la-x4K-mL._SY679_.jpg,http://ecx.images-amazon.com/images/I/61NVK0YYkOL._SX466_.jpg,http://ecx.images-amazon.com/images/I/41DLd8MI8HL._SX425_.jpg,http://ecx.images-amazon.com/images/I/41l8T4Q%2BSaL._SX466_.jpg,http://ecx.images-amazon.com/images/I/71ZtKvKXJ0L._SY550_.jpg,http://ecx.images-amazon.com/images/I/418zw1TfJ5L._SX425_.jpg,http://ecx.images-amazon.com/images/I/611VZnWYYnL._SX425_.jpg
http://ecx.images-amazon.com/images/I/81ZJQkUMYcL._SX385_.jpg,http://ecx.images-amazon.com/images/I/81KihpTkweL._SX522_.jpg,http://ecx.images-amazon.com/images/I/41Xexllic5L.jpg,http://ecx.images-amazon.com/images/I/41JGAT9A4JL._SY445_.jpg,http://ecx.images-amazon.com/images/I/41sRgmv2e3L._SX425_.jpg,http://ecx.images-amazon.com/images/I/41FqU%2BdP-tL._SX342_.jpg,http://ecx.images-amazon.com/images/I/61zapklMf0L._SX385_.jpg,http://ecx.images-amazon.com/images/I/51GzSjKj%2B4L._SX522_.jpg,http://ecx.images-amazon.com/images/I/814EpHFq8rL._SY606_.jpg,http://ecx.images-amazon.com/images/I/61aIw4PWKTL._SY606_.jpg
http://ecx.images-amazon.com/images/I/3157clCFG9L._SY445_.jpg,http://ecx.images-amazon.com/images/I/41PJ4tXNV9L.jpg,http://ecx.images-amazon.com/images/I/61Tc-YfdwGL._SX466_.jpg,http://ecx.images-amazon.com/images/I/51We979ipcL._SX385_.jpg,http://ecx.images-amazon.com/images/I/41SjV35IBEL.jpg,http://ecx.images-amazon.com/images/I/61fY7lGtZDL._SY606_.jpg,http://ecx.images-amazon.com/images/I/517ePhncLIL.jpg,http://ecx.images-amazon.com/images/I/715jfv1DCOL._SY679_.jpg,http://ecx.images-amazon.com/images/I/61ctOlbJGaL._SX425_.jpg,http://ecx.images-amazon.com/images/I/41wnxf1OTSL._SX385_.jpg
http://ecx.images-amazon.com/images/I/615ixPoMq4L._SX385_.jpg,http://ecx.images-amazon.com/images/I/81DYLU1nobL._SX466_.jpg,http://ecx.images-amazon.com/images/I/51reMbqdeVL._SY445_.jpg,http://ecx.images-amazon.com/images/I/515KA6ElOnL._SX385_.jpg,http://ecx.images-amazon.com/images/I/9188nJjafRL._SX425_.jpg,http://ecx.images-amazon.com/images/I/41NRoKuYE-L.jpg,http://ecx.images-amazon.com/images/I/61aapDajtEL._SX342_.jpg,http://ecx.images-amazon.com/images/I/412CiHQRC9L._SX425_.jpg,http://ecx.images-amazon.com/images/I/71IhVK4rvKL._SX385_.jpg,http://ecx.images-amazon.com/images/I/71VRn754tgL._SX385_.jpg
http://ecx.images-amazon.com/images/I/81qk17qQ9zL._SX425_.jpg,http://ecx.images-amazon.com/images/I/51Gcz%2BqlU0L._SX385_.jpg,http://ecx.images-amazon.com/images/I/41%2BghrF7EEL.jpg,http://ecx.images-amazon.com/images/I/61lnaltMFeL._SY550_.jpg,http://ecx.images-amazon.com/images/I/51RFZFDBN8L._SX466_.jpg,http://ecx.images-amazon.com/images/I/61Bd4snM2FL._SX342_.jpg,http://ecx.images-amazon.com/images/I/615H6or8FRL._SX342_.jpg,http://ecx.images-amazon.com/images/I/41A2657H3YL._SY445_.jpg,http://ecx.images-amazon.com/images/I/61woNpS33bL._SX425_.jpg,http://ecx.images-amazon.com/images/I/61WKYyemzUL._SX385_.jpg
http://ecx.images-amazon.com/images/I/61i4Z3Lqh-L._SX385_.jpg,http://ecx.images-amazon.com/images/I/31M2jJm3kPL._SX342_.jpg,http://ecx.images-amazon.com/images/I/51P1oDwIvBL.jpg,http://ecx.images-amazon.com/images/I/81dpUgqDLfL._SX466_.jpg,http://ecx.images-amazon.com/images/I/41YFazyr1rL.jpg,http://ecx.images-amazon.com/images/I/71dSMG91GjL._SY445_.jpg,http://ecx.images-amazon.com/images/I/81DYLU1nobL._SX466_.jpg,http://ecx.images-amazon.com/images/I/51alfULKfVL.jpg,http://ecx.images-amazon.com/images/I/71JEw7OVESL._SY606_.jpg,http://ecx.images-amazon.com/images/I/61qaRE-fIUL._SY445_.jpg
http://ecx.images-amazon.com/images/I/71ezQH7yOXL._SY445_.jpg,http://ecx.images-amazon.com/images/I/71sC85sLuhL._SX385_.jpg,http://ecx.images-amazon.com/images/I/71G4i78ja2L._SX342_.jpg,http://ecx.images-amazon.com/images/I/51ehJOM-ZuL.jpg,http://ecx.images-amazon.com/images/I/41TfmsL6y2L._SX385_.jpg,http://ecx.images-amazon.com/images/I/51N20rKMt9L._SX522_.jpg,http://ecx.images-amazon.com/images/I/41OpfVuyEEL.jpg,http://ecx.images-amazon.com/images/I/71fsS1rqhOL._SX425_.jpg,http://ecx.images-amazon.com/images/I/61R%2B7ioC8mL._SX466_.jpg,http://ecx.images-amazon.com/images/I/41hPWeiRnmL._SY445_.jpg
http://ecx.images-amazon.com/images/I/71pCm63H69L._SY679_.jpg,http://ecx.images-amazon.com/images/I/81fwj2xh3xL._SX466_.jpg,http://ecx.images-amazon.com/images/I/71ToSUDmGZL._SY355_.jpg,http://ecx.images-amazon.com/images/I/81GF9hMn8WL._SX385_.jpg,http://ecx.images-amazon.com/images/I/71c2nqnsa0L._SY445_.jpg,http://ecx.images-amazon.com/images/I/71c2nqnsa0L._SY445_.jpg,http://ecx.images-amazon.com/images/I/41r32p2T6wL._SX385_.jpg,http://ecx.images-amazon.com/images/I/81su0h7fDHL._SX342_.jpg,http://ecx.images-amazon.com/images/I/71BjLgYwoyL._SY550_.jpg,http://ecx.images-amazon.com/images/I/51s6MQJBu8L._SX385_.jpg
http://ecx.images-amazon.com/images/I/71CgzevGYmL._SY445_.jpg,http://ecx.images-amazon.com/images/I/71Lp1bokiaL._SY606_.jpg,http://ecx.images-amazon.com/images/I/41qgVImwMYL._SX425_.jpg,http://ecx.images-amazon.com/images/I/61bhuBMfRRL._SY606_.jpg,http://ecx.images-amazon.com/images/I/510tdWWfDpL._SX425_.jpg,http://ecx.images-amazon.com/images/I/61QVzYmKGPL._SX385_.jpg,http://ecx.images-amazon.com/images/I/61bBkzItBNL._SY550_.jpg,http://ecx.images-amazon.com/images/I/81wi82NcnCL._SX466_.jpg,http://ecx.images-amazon.com/images/I/61GsV8KzwiL._SX385_.jpg,http://ecx.images-amazon.com/images/I/41kVd6Op56L._SX425_.jpg
http://ecx.images-amazon.com/images/I/81NOY5XGiLL._SY606_.jpg,http://ecx.images-amazon.com/images/I/612TT8fJalL._SX522_.jpg,http://ecx.images-amazon.com/images/I/71xSkzvq1sL._SX425_.jpg,http://ecx.images-amazon.com/images/I/71IEK3VVMcL._SX342_.jpg,http://ecx.images-amazon.com/images/I/71iy3XHs3YL._SX342_.jpg,http://ecx.images-amazon.com/images/I/614DVvszrqL._SX522_.jpg,http://ecx.images-amazon.com/images/I/6183J0P9j2L._SX522_.jpg,http://ecx.images-amazon.com/images/I/71wBpjLPRsL._SX522_.jpg,http://ecx.images-amazon.com/images/I/61GsVOQNXRL._SX466_.jpg,http://ecx.images-amazon.com/images/I/61DIKAAUrjL._SX522_.jpg
http://ecx.images-amazon.com/images/I/412tHW5N4qL._SX425_.jpg,http://ecx.images-amazon.com/images/I/61yNQPBtkEL._SX342_.jpg,http://ecx.images-amazon.com/images/I/71tEQtUZg5L._SY550_.jpg,http://ecx.images-amazon.com/images/I/51OxtTiPLnL._SY679_.jpg,http://ecx.images-amazon.com/images/I/41LzNcAYK9L.jpg,http://ecx.images-amazon.com/images/I/41YDx1wdgEL._SY445_.jpg,http://ecx.images-amazon.com/images/I/51xxkkbtG5L._SX385_.jpg,http://ecx.images-amazon.com/images/I/71WJOco8E4L._SX385_.jpg,http://ecx.images-amazon.com/images/I/71lCxXfnqQL._SX342_.jpg,http://ecx.images-amazon.com/images/I/81YII0n5HPL._SX425_.jpg
http://ecx.images-amazon.com/images/I/41z98unp8sL.jpg,http://ecx.images-amazon.com/images/I/61LRzjleTRL._SX466_.jpg,http://ecx.images-amazon.com/images/I/71Jd3HonHlL._SX466_.jpg,http://ecx.images-amazon.com/images/I/51ToXT08XfL._SX342_.jpg,http://ecx.images-amazon.com/images/I/71t9h17vniL._SX522_.jpg,http://ecx.images-amazon.com/images/I/61nHQG7yQDL._SX342_.jpg,http://ecx.images-amazon.com/images/I/41H-%2BPZaFKL.jpg,http://ecx.images-amazon.com/images/I/41NAzdKvgCL._SX342_.jpg,http://ecx.images-amazon.com/images/I/215OLWXe80L.jpg,http://ecx.images-amazon.com/images/I/912X1bHWPSL._SY445_.jpg
http://ecx.images-amazon.com/images/I/71OdlQoab1L._SY445_.jpg,http://ecx.images-amazon.com/images/I/81gUIKwymLL._SX342_.jpg,http://ecx.images-amazon.com/images/I/71-TGMhqsIL._SY445_.jpg,http://ecx.images-amazon.com/images/I/61HEuSRgw6L._SX522_.jpg,http://ecx.images-amazon.com/images/I/81VuPb8-arL._SY606_.jpg,http://ecx.images-amazon.com/images/I/61y8bAh7I%2BL._SX425_.jpg,http://ecx.images-amazon.com/images/I/51hIHNvu1YL._SY679_.jpg,http://ecx.images-amazon.com/images/I/31qn3idB79L.jpg,http://ecx.images-amazon.com/images/I/41mLt0lrUvL._SX425_.jpg,http://ecx.images-amazon.com/images/I/41rlC8CJa4L._SX342_.jpg
http://ecx.images-amazon.com/images/I/51QVXgATLjL._SX385_.jpg,http://ecx.images-amazon.com/images/I/61NjFTp0GKL._SX425_.jpg,http://ecx.images-amazon.com/images/I/71aY27ZjcSL._SY550_.jpg,http://ecx.images-amazon.com/images/I/51fQFEPpDaL._SX425_.jpg,http://ecx.images-amazon.com/images/I/41c1xS4GHhL._SX385_.jpg,http://ecx.images-amazon.com/images/I/51GEZUnlrkL._SX425_.jpg,http://ecx.images-amazon.com/images/I/41YTyly5F0L._SX425_.jpg,http://ecx.images-amazon.com/images/I/71S867gETnL._SY550_.jpg,http://ecx.images-amazon.com/images/I/71L4WWxc2cL._SY445_.jpg,http://ecx.images-amazon.com/images/I/61quYB%2BECIL._SY679_.jpg
http://ecx.images-amazon.com/images/I/51dIGISL4dL._SX466_.jpg,http://ecx.images-amazon.com/images/I/51cybXWNYwL._SX385_.jpg,http://ecx.images-amazon.com/images/I/51f0THmV-ML._SX342_.jpg,http://ecx.images-amazon.com/images/I/51hkOH0sUqL._SX425_.jpg,http://ecx.images-amazon.com/images/I/51ORfXILb3L._SX342_.jpg,http://ecx.images-amazon.com/images/I/71YKAGx6-SL._SY606_.jpg,http://ecx.images-amazon.com/images/I/41h69Tzh7NL.jpg,http://ecx.images-amazon.com/images/I/61lnkS-MzKL._SX466_.jpg,http://ecx.images-amazon.com/images/I/61UACnCPxrL._SX522_.jpg,http://ecx.images-amazon.com/images/I/81tOVb-zS9L._SY679_.jpg
http://ecx.images-amazon.com/images/I/61Z9JSuZjmL._SX522_.jpg,http://ecx.images-amazon.com/images/I/71FxCh-8VZL._SX466_.jpg,http://ecx.images-amazon.com/images/I/71AC2gtqQkL._SX466_.jpg,http://ecx.images-amazon.com/images/I/61dotpzsn3L._SX342_.jpg,http://ecx.images-amazon.com/images/I/81b1hCGf9NL._SX466_.jpg,http://ecx.images-amazon.com/images/I/61yCmE8CpsL._SY606_.jpg,http://ecx.images-amazon.com/images/I/61XHaprisXL._SY606_.jpg,http://ecx.images-amazon.com/images/I/41HKE3rlzbL._SY445_.jpg,http://ecx.images-amazon.com/images/I/41JFyWTzdpL._SX385_.jpg,http://ecx.images-amazon.com/images/I/71l7J48ZIiL._SX425_.jpg
http://ecx.images-amazon.com/images/I/51Je2z%2BfioL._SX342_.jpg,http://ecx.images-amazon.com/images/I/81JWP4WiluL._SY445_.jpg,http://ecx.images-amazon.com/images/I/61wBEga4WbL._SX385_.jpg,http://ecx.images-amazon.com/images/I/61wxPlvEBWL._SX425_.jpg,http://ecx.images-amazon.com/images/I/41F3v1uANyL._SX425_.jpg,http://ecx.images-amazon.com/images/I/81ujaqlMFmL._SY679_.jpg,http://ecx.images-amazon.com/images/I/61R0pa%2Bt9yL._SY679_.jpg,http://ecx.images-amazon.com/images/I/81T9XSvGKDL._SY679_.jpg,http://ecx.images-amazon.com/images/I/51gklfZEPIL._SX342_.jpg,http://ecx.images-amazon.com/images/I/81azspERduL._SX425_.jpg
http://ecx.images-amazon.com/images/I/51C05sAAOCL._SX342_.jpg,http://ecx.images-amazon.com/images/I/31wJS7f6axL._SX425_.jpg,http://ecx.images-amazon.com/images/I/61W-tcULoqL._SX342_.jpg,http://ecx.images-amazon.com/images/I/71Zb5wBc1jL._SY445_.jpg,http://ecx.images-amazon.com/images/I/71yY5ND2CqL._SX425_.jpg,http://ecx.images-amazon.com/images/I/41H-%2BPZaFKL.jpg,http://ecx.images-amazon.com/images/I/71lxBDCoTaL._SY445_.jpg,http://ecx.images-amazon.com/images/I/91M0JHOv1gL._SX466_.jpg,http://ecx.images-amazon.com/images/I/51hSTJ0X6ML._SX522_.jpg,http://ecx.images-amazon.com/images/I/619T%2B7HpfdL._SY679_.jpg
http://ecx.images-amazon.com/images/I/81a4Qc3EgWL._SY445_.jpg,http://ecx.images-amazon.com/images/I/61zlg5lZvIL._SX425_.jpg,http://ecx.images-amazon.com/images/I/71c4wKSNnoL._SX425_.jpg,http://ecx.images-amazon.com/images/I/51sKdvKMMLL._SX385_.jpg,http://ecx.images-amazon.com/images/I/91dAtrVP57L._SX466_.jpg,http://ecx.images-amazon.com/images/I/61FamDxY-jL._SX425_.jpg,http://ecx.images-amazon.com/images/I/71f%2BNDbTetL._SY679_.jpg,http://ecx.images-amazon.com/images/I/41DOTiqgpWL._SX466_.jpg,http://ecx.images-amazon.com/images/I/31DwNDIukpL.jpg,http://ecx.images-amazon.com/images/I/71dIJaIHsIL._SY679_.jpg
http://ecx.images-amazon.com/images/I/81bcChGmveL._SY550_.jpg,http://ecx.images-amazon.com/images/I/410LyPR49tL._SX425_.jpg,http://ecx.images-amazon.com/images/I/41QyKqym8OL.jpg,http://ecx.images-amazon.com/images/I/612yIXsTRZL._SY679_.jpg,http://ecx.images-amazon.com/images/I/61MhQEqyv%2BL._SY445_.jpg,http://ecx.images-amazon.com/images/I/81pqcgA-RxL._SX522_.jpg,http://ecx.images-amazon.com/images/I/81meHNbVC2L._SX385_.jpg,http://ecx.images-amazon.com/images/I/21%2B87iCV6KL.jpg,http://ecx.images-amazon.com/images/I/51tXG3NRjAL._SX385_.jpg,http://ecx.images-amazon.com/images/I/41uXoGECN1L._SX385_.jpg
http://ecx.images-amazon.com/images/I/619ljEryH6L._SX342_.jpg,http://ecx.images-amazon.com/images/I/61HJll1MK3L._SY550_.jpg,http://ecx.images-amazon.com/images/I/61X9Wds3-VL._SX342_.jpg,http://ecx.images-amazon.com/images/I/619zR8s7QgL._SY445_.jpg,http://ecx.images-amazon.com/images/I/817MIHLsraL._SY550_.jpg,http://ecx.images-amazon.com/images/I/61WHeCl5CEL._SY445_.jpg,http://ecx.images-amazon.com/images/I/61nbeO256EL._SY606_.jpg,http://ecx.images-amazon.com/images/I/81mPQVvvwiL._SX466_.jpg,http://ecx.images-amazon.com/images/I/81rdituxJTL._SY445_.jpg,http://ecx.images-amazon.com/images/I/51hWcohgkuL._SX425_.jpg
http://ecx.images-amazon.com/images/I/41TSpoNfR6L._SX425_.jpg,http://ecx.images-amazon.com/images/I/41jFM1oWaoL._SY355_.jpg,http://ecx.images-amazon.com/images/I/617oYl586ML._SX466_.jpg,http://ecx.images-amazon.com/images/I/61QpZkXZ7JL._SX466_.jpg,http://ecx.images-amazon.com/images/I/71B8mB7OkBL._SY606_.jpg,http://ecx.images-amazon.com/images/I/81642TeVPhL._SY445_.jpg,http://ecx.images-amazon.com/images/I/41rfwByqU6L._SY445_.jpg,http://ecx.images-amazon.com/images/I/61n67CvHP8L._SY550_.jpg,http://ecx.images-amazon.com/images/I/91SkilZFO4L._SY679_.jpg,http://ecx.images-amazon.com/images/I/51OReeUe8QL.jpg
http://ecx.images-amazon.com/images/I/410DE1ND7CL._SX466_.jpg,http://ecx.images-amazon.com/images/I/81qQDWvfssL._SX425_.jpg,http://ecx.images-amazon.com/images/I/315j755vWrL._SY445_.jpg,http://ecx.images-amazon.com/images/I/61V4BTlgZ1L._SX425_.jpg,http://ecx.images-amazon.com/images/I/51aIwbOSxpL._SX425_.jpg,http://ecx.images-amazon.com/images/I/81izT3PrQzL._SX466_.jpg,http://ecx.images-amazon.com/images/I/81e68NPYbHL._SY679_.jpg,http://ecx.images-amazon.com/images/I/41fZf42OiEL.jpg,http://ecx.images-amazon.com/images/I/81jZZlkG97L._SY355_.jpg,http://ecx.images-amazon.com/images/I/71nJe2cUV5L._SY445_.jpg
http://ecx.images-amazon.com/images/I/61bfQLLU31L._SX522_.jpg,http://ecx.images-amazon.com/images/I/51zsovgAE2L._SX466_.jpg,http://ecx.images-amazon.com/images/I/615UpycEmQL._SX425_.jpg,http://ecx.images-amazon.com/images/I/81p9QAMU8JL._SY606_.jpg,http://ecx.images-amazon.com/images/I/61Mx-3Uz9DL._SY679_.jpg,http://ecx.images-amazon.com/images/I/41HfCarvucL._SX342_.jpg,http://ecx.images-amazon.com/images/I/71egfQkmMFS._SY550_.jpg,http://ecx.images-amazon.com/images/I/71ZcMmlHb3L._SX522_.jpg,http://ecx.images-amazon.com/images/I/51enL07zV7L._SX385_.jpg,http://ecx.images-amazon.com/images/I/81TiybX6k3L._SX466_.jpg
http://ecx.images-amazon.com/images/I/418Jzfd614L._SX466_.jpg,http://ecx.images-amazon.com/images/I/6159UhEHaUL._SX522_.jpg,http://ecx.images-amazon.com/images/I/41XM%2BFfDjPL._SX385_.jpg,http://ecx.images-amazon.com/images/I/41OOnLoWtQL._SY606_.jpg,http://ecx.images-amazon.com/images/I/81FZeYi1TdL._SY445_.jpg,http://ecx.images-amazon.com/images/I/51vtiR7WAHL.jpg,http://ecx.images-amazon.com/images/I/61v4LiaqHzL._SX425_.jpg,http://ecx.images-amazon.com/images/I/41nQRFgqf%2BL._SX385_.jpg,http://ecx.images-amazon.com/images/I/51GMT1VyDdL._SX385_.jpg,http://ecx.images-amazon.com/images/I/51V7dxf7RZL._SX342_.jpg
http://ecx.images-amazon.com/images/I/81bJOl6yoGL._SX466_.jpg,http://ecx.images-amazon.com/images/I/711WJDYRzsL._SX385_.jpg,http://ecx.images-amazon.com/images/I/61z5pT3GkgL._SX425_.jpg,http://ecx.images-amazon.com/images/I/518kjgQbKbL._SX466_.jpg,http://ecx.images-amazon.com/images/I/71O6w0%2BgxIL._SX522_.jpg,http://ecx.images-amazon.com/images/I/6149TkKctYL._SX342_.jpg,http://ecx.images-amazon.com/images/I/71TyxRmBUQL._SX425_.jpg,http://ecx.images-amazon.com/images/I/71tWOFFzvvL._SY550_.jpg,http://ecx.images-amazon.com/images/I/51w-0FeHRML._SX466_.jpg,http://ecx.images-amazon.com/images/I/81oLEEydIWL._SY550_.jpg
http://ecx.images-amazon.com/images/I/71Wq0dUP1%2BL._SY445_.jpg,http://ecx.images-amazon.com/images/I/41jbkkUqNeL._SX342_.jpg,http://ecx.images-amazon.com/images/I/81dz8sLfYjL._SX466_.jpg,http://ecx.images-amazon.com/images/I/417DRQItXxL._SX342_.jpg,http://ecx.images-amazon.com/images/I/51XNilZ05sL._SX522_.jpg,http://ecx.images-amazon.com/images/I/41h8KsrBcUL._SX466_.jpg,http://ecx.images-amazon.com/images/I/615lix-BMyL._SX342_.jpg,http://ecx.images-amazon.com/images/I/41HniYRsknL._SY445_.jpg,http://ecx.images-amazon.com/images/I/81CxC3st3RL._SX342_.jpg,http://ecx.images-amazon.com/images/I/71tM00C1WwL._SX385_.jpg
http://ecx.images-amazon.com/images/I/61PMHs47utL._SX342_.jpg,http://ecx.images-amazon.com/images/I/A162l5VpIbL._SX522_.jpg,http://ecx.images-amazon.com/images/I/41fcC2bl6tL.jpg,http://ecx.images-amazon.com/images/I/41ASpsLl1jL._SX342_.jpg,http://ecx.images-amazon.com/images/I/61U%2BJIC4HAL._SY550_.jpg,http://ecx.images-amazon.com/images/I/21hzl%2Bsw0zL.jpg,http://ecx.images-amazon.com/images/I/51CTsY5Xy7L._SX466_.jpg,http://ecx.images-amazon.com/images/I/71K6hv3GGuL._SY450_.jpg,http://ecx.images-amazon.com/images/I/41-zsEljI%2BL._SY450_.jpg,http://ecx.images-amazon.com/images/I/51RUIc36dBL._SX342_.jpg
http://ecx.images-amazon.com/images/I/61fxwjoJQVL._SX522_.jpg,http://ecx.images-amazon.com/images/I/617LouzCi1L._SX466_.jpg,http://ecx.images-amazon.com/images/I/61%2BRsiajNfL._SX385_.jpg,http://ecx.images-amazon.com/images/I/71Fi%2BdbwZNL._SX466_.jpg,http://ecx.images-amazon.com/images/I/81u5ZrqDVYL._SX425_.jpg,http://ecx.images-amazon.com/images/I/51fWv0W9gkL._SX385_.jpg,http://ecx.images-amazon.com/images/I/713BwxJiplL._SY445_.jpg,http://ecx.images-amazon.com/images/I/51lg%2BOP1X7L._SX425_.jpg,http://ecx.images-amazon.com/images/I/51%2BJJzZdPCL._SX425_.jpg,http://ecx.images-amazon.com/images/I/41KEPr4dEYL._SX342_.jpg
http://ecx.images-amazon.com/images/I/61jHs30oXJL._SX466_.jpg,http://ecx.images-amazon.com/images/I/51eAU1g0AUL._SX425_.jpg,http://ecx.images-amazon.com/images/I/41ie3j1GlKL._SX342_.jpg,http://ecx.images-amazon.com/images/I/81b-6oJL0IL._SY606_.jpg,http://ecx.images-amazon.com/images/I/61RYWejhBsL._SX466_.jpg,http://ecx.images-amazon.com/images/I/41zcwGeFbkL._SX425_.jpg,http://ecx.images-amazon.com/images/I/41B3NQ7TRJL.jpg,http://ecx.images-amazon.com/images/I/51TuPS668SL._SY445_.jpg,http://ecx.images-amazon.com/images/I/61smVOunp8L._SY679_.jpg,http://ecx.images-amazon.com/images/I/81Un9EeQNgL._SY445_.jpg
http://ecx.images-amazon.com/images/I/41W9012EXRL.jpg,http://ecx.images-amazon.com/images/I/71woGznW8PL._SX342_.jpg,http://ecx.images-amazon.com/images/I/71QzGuPbaUL._SX466_.jpg,http://ecx.images-amazon.com/images/I/41-AKet1bKL._SY445_.jpg,http://ecx.images-amazon.com/images/I/81z-2Nywg8L._SX466_.jpg,http://ecx.images-amazon.com/images/I/41kiwpRrxEL._SX342_.jpg,http://ecx.images-amazon.com/images/I/61UuKAOEh8L._SX466_.jpg,http://ecx.images-amazon.com/images/I/61X1DInd5vL._SX522_.jpg,http://ecx.images-amazon.com/images/I/515eO20CG8L._SX385_.jpg,http://ecx.images-amazon.com/images/I/61yf9F%2BP21L._SX425_.jpg
http://ecx.images-amazon.com/images/I/61sCPnuRhCL._SX425_.jpg,http://ecx.images-amazon.com/images/I/91zJoDx4SeL._SX466_.jpg,http://ecx.images-amazon.com/images/I/61YG1RPhgQL._SX385_.jpg,http://ecx.images-amazon.com/images/I/51728GGEvgL._SX342_.jpg,http://ecx.images-amazon.com/images/I/51wxx0jIbrL._SX342_.jpg,http://ecx.images-amazon.com/images/I/41tqEg9as2L.jpg,http://ecx.images-amazon.com/images/I/61YfEJzX%2BnL._SY679_.jpg,http://ecx.images-amazon.com/images/I/7123OwM1WPL._SY606_.jpg,http://ecx.images-amazon.com/images/I/41WrC2dDqsL._SX385_.jpg,http://ecx.images-amazon.com/images/I/814T7KSaOFL._SY445_.jpg
http://ecx.images-amazon.com/images/I/411HK1kE8TL.jpg,http://ecx.images-amazon.com/images/I/61tdaqWcFkL._SY445_.jpg,http://ecx.images-amazon.com/images/I/61ZPikP0NLL._SX385_.jpg,http://ecx.images-amazon.com/images/I/21I6mmuzzaL.jpg,http://ecx.images-amazon.com/images/I/71W9g0bKIXS._SY445_.jpg,http://ecx.images-amazon.com/images/I/61RMsVOy87L._SX385_.jpg,http://ecx.images-amazon.com/images/I/61bt3r3CNfL._SX425_.jpg,http://ecx.images-amazon.com/images/I/51kw-rxilvL._SX425_.jpg,http://ecx.images-amazon.com/images/I/819DPwYJ7dL._SX342_.jpg,http://ecx.images-amazon.com/images/I/91o6hjoqqQL._SX385_.jpg
http://ecx.images-amazon.com/images/I/61cWwVMasJL._SX466_.jpg,http://ecx.images-amazon.com/images/I/81R3KSWYnxL._SX342_.jpg,http://ecx.images-amazon.com/images/I/71dpiTZdhyL._SX522_.jpg,http://ecx.images-amazon.com/images/I/41SGt9BomGL._SX385_.jpg,http://ecx.images-amazon.com/images/I/71SfDp1aPKL._SX466_.jpg,http://ecx.images-amazon.com/images/I/713kFKbcedL._SY445_.jpg,http://ecx.images-amazon.com/images/I/31-Q1DKaeNL.jpg,http://ecx.images-amazon.com/images/I/61Yyv%2Bhft7L._SX385_.jpg,http://ecx.images-amazon.com/images/I/61th5XGgLML._SY550_.jpg,http://ecx.images-amazon.com/images/I/41xLVWy4ziL._SX425_.jpg
http://ecx.images-amazon.com/images/I/51pWVPSnghL._SX385_.jpg,http://ecx.images-amazon.com/images/I/61qPGR7x7iL._SY450_.jpg,http://ecx.images-amazon.com/images/I/41Tkikp1kLL._SX385_.jpg,http://ecx.images-amazon.com/images/I/61pgbG81WeL._SY445_.jpg,http://ecx.images-amazon.com/images/I/41oyTgMx6lL._SX342_.jpg,http://ecx.images-amazon.com/images/I/317j5BTKLGL.jpg,http://ecx.images-amazon.com/images/I/71X1Q5bP4VL._SY550_.jpg,http://ecx.images-amazon.com/images/I/81U2lQX3i9L._SY445_.jpg,http://ecx.images-amazon.com/images/I/31Ux-KxTI0L._SX425_.jpg,http://ecx.images-amazon.com/images/I/31GOrane2QL.jpg
http://ecx.images-amazon.com/images/I/71ra2AkB2DL._SY550_.jpg,http://ecx.images-amazon.com/images/I/41L02aMdUaL._SX342_.jpg,http://ecx.images-amazon.com/images/I/61c2y4WdKvL._SX342_.jpg,http://ecx.images-amazon.com/images/I/51v8lEC4w1L._SX342_.jpg,http://ecx.images-amazon.com/images/I/71tIqPXTUXL._SY606_.jpg,http://ecx.images-amazon.com/images/I/41YPRAhkFTL._SX385_.jpg,http://ecx.images-amazon.com/images/I/514uzNmJj7L._SX342_.jpg,http://ecx.images-amazon.com/images/I/51tZkj7vfVL._SX425_.jpg,http://ecx.images-amazon.com/images/I/51wCsQiVNML._SX342_.jpg,http://ecx.images-amazon.com/images/I/41GDTKhbvQL._SX425_.jpg
http://ecx.images-amazon.com/images/I/91slBMK%2BRVL._SX466_.jpg,http://ecx.images-amazon.com/images/I/61Byigwzq6L._SX385_.jpg,http://ecx.images-amazon.com/images/I/51wZE8fASOL._SX385_.jpg,http://ecx.images-amazon.com/images/I/619ui1qV0nL._SX342_.jpg,http://ecx.images-amazon.com/images/I/51squQPtNpL.jpg,http://ecx.images-amazon.com/images/I/71BBLI8en0L._SX466_.jpg,http://ecx.images-amazon.com/images/I/71GU1i%2BZToL._SX385_.jpg,http://ecx.images-amazon.com/images/I/41z3SCrlM-L.jpg,http://ecx.images-amazon.com/images/I/61PLQJTtjzL._SX385_.jpg,http://ecx.images-amazon.com/images/I/61KlPl7renL._SY445_.jpg
http://ecx.images-amazon.com/images/I/510JwM5ByNL.jpg,http://ecx.images-amazon.com/images/I/31Nt4QXx-hL.jpg,http://ecx.images-amazon.com/images/I/61ITBB8pDyL._SX425_.jpg,http://ecx.images-amazon.com/images/I/51-EQcY7BSL._SX425_.jpg,http://ecx.images-amazon.com/images/I/51fKg3KjPlL.jpg,http://ecx.images-amazon.com/images/I/41v0rx0J6CL._SX342_.jpg,http://ecx.images-amazon.com/images/I/617E5aNVWJL._SY606_.jpg,http://ecx.images-amazon.com/images/I/41HUoS1NYUL.jpg,http://ecx.images-amazon.com/images/I/81tuA0M6IVL._SX342_.jpg,http://ecx.images-amazon.com/images/I/51ENP7no-YL._SY445_.jpg
http://ecx.images-amazon.com/images/I/711sEY7KnOL._SX522_.jpg,http://ecx.images-amazon.com/images/I/81B62ZgDdGL._SY445_.jpg,http://ecx.images-amazon.com/images/I/71BooC8-X6L._SX425_.jpg,http://ecx.images-amazon.com/images/I/81SsEWJn%2BpL._SY550_.jpg,http://ecx.images-amazon.com/images/I/71BHAQNAcTL._SX466_.jpg,http://ecx.images-amazon.com/images/I/610zCG539GL._SY606_.jpg,http://ecx.images-amazon.com/images/I/51hWGLJVnGL._SX385_.jpg,http://ecx.images-amazon.com/images/I/61YUsvzz4oL._SX522_.jpg,http://ecx.images-amazon.com/images/I/61gLp0OE9PL._SX466_.jpg,http://ecx.images-amazon.com/images/I/41k0WT5N6wL._SX466_.jpg
http://ecx.images-amazon.com/images/I/41N3%2BfucasL._SX425_.jpg,http://ecx.images-amazon.com/images/I/71Z2uC3zxQL._SX342_.jpg,http://ecx.images-amazon.com/images/I/61bSM9UR7cL._SX425_.jpg,http://ecx.images-amazon.com/images/I/61ptRczv0uL._SX466_.jpg,http://ecx.images-amazon.com/images/I/61u-S17T%2B6L._SX385_.jpg,http://ecx.images-amazon.com/images/I/81rwYQIQj3L._SX342_.jpg,http://ecx.images-amazon.com/images/I/61Hq46JYFuL._SX522_.jpg,http://ecx.images-amazon.com/images/I/718nnLlLCnL._SY445_.jpg,http://ecx.images-amazon.com/images/I/81FmYSA2uZL._SY550_.jpg,http://ecx.images-amazon.com/images/I/41%2BpAmyT9NL._SX342_.jpg
http://ecx.images-amazon.com/images/I/51vyPIbYtEL._SX385_.jpg,http://ecx.images-amazon.com/images/I/51Sp0WVlZ2L.jpg,http://ecx.images-amazon.com/images/I/41IRHB9-JmL._SX466_.jpg,http://ecx.images-amazon.com/images/I/61Sv0vs04UL._SY679_.jpg,http://ecx.images-amazon.com/images/I/71ZTR3eAjoL._SX385_.jpg,http://ecx.images-amazon.com/images/I/51l5NxZcHZL._SX385_.jpg,http://ecx.images-amazon.com/images/I/41Ih-AbO2VL._SY445_.jpg,http://ecx.images-amazon.com/images/I/81jMrR67tmL._SY445_.jpg,http://ecx.images-amazon.com/images/I/61bSM9UR7cL._SX425_.jpg,http://ecx.images-amazon.com/images/I/41RmB%2BvLzxL._SX385_.jpg
http://ecx.images-amazon.com/images/I/9178kAxP-yL._SY606_.jpg,http://ecx.images-amazon.com/images/I/61Jcpvzx3hL._SX425_.jpg,http://ecx.images-amazon.com/images/I/71nF1cdHTAL._SX522_.jpg,http://ecx.images-amazon.com/images/I/41GJWLl2oTL._SX385_.jpg,http://ecx.images-amazon.com/images/I/71aNGVvlo2L._SX466_.jpg,http://ecx.images-amazon.com/images/I/81gMLRZh%2BqL._SX385_.jpg,http://ecx.images-amazon.com/images/I/21PBF84YM0L.jpg,http://ecx.images-amazon.com/images/I/71Qws721jXL._SY550_.jpg,http://ecx.images-amazon.com/images/I/71g6CawFccL._SX385_.jpg,http://ecx.images-amazon.com/images/I/615M0Uf3JZL._SX342_.jpg
http://ecx.images-amazon.com/images/I/91gNgxcIG8L._SX385_.jpg,http://ecx.images-amazon.com/images/I/61IEOyijAAL._SX385_.jpg,http://ecx.images-amazon.com/images/I/51PdSfIXrJL._SX466_.jpg,http://ecx.images-amazon.com/images/I/61gukqt6m-L._SX342_.jpg,http://ecx.images-amazon.com/images/I/81%2BGxJyi37L._SY550_.jpg,http://ecx.images-amazon.com/images/I/61WHeCl5CEL._SY445_.jpg,http://ecx.images-amazon.com/images/I/71riaIghpRL._SY606_.jpg,http://ecx.images-amazon.com/images/I/51CSgBdQ5uL.jpg,http://ecx.images-amazon.com/images/I/41bgbsQ6C%2BL.jpg,http://ecx.images-amazon.com/images/I/51eEXHNqBVL.jpg
http://ecx.images-amazon.com/images/I/71a7CeB9lbL._SY445_.jpg,http://ecx.images-amazon.com/images/I/619QV3qbTaL._SX425_.jpg,http://ecx.images-amazon.com/images/I/51iOc4f3uQL._SX466_.jpg,http://ecx.images-amazon.com/images/I/41zExJWLioL._SX466_.jpg,http://ecx.images-amazon.com/images/I/61VfbEKmmqL._SX385_.jpg,http://ecx.images-amazon.com/images/I/51ARe-dyE%2BL._SY679_.jpg,http://ecx.images-amazon.com/images/I/71LRwv4P31L._SX425_.jpg,http://ecx.images-amazon.com/images/I/41Q7FF5KP7L._SY445_.jpg,http://ecx.images-amazon.com/images/I/51lEwurD2DL._SX342_.jpg,http://ecx.images-amazon.com/images/I/417OgEWElPL._SY445_.jpg
http://ecx.images-amazon.com/images/I/61peJdeKXGL._SX466_.jpg,http://ecx.images-amazon.com/images/I/613Ql6wAbGL._SY606_.jpg,http://ecx.images-amazon.com/images/I/61N--Z-%2BzPL._SX466_.jpg,http://ecx.images-amazon.com/images/I/41rYn6Y1uhL._SX342_.jpg,http://ecx.images-amazon.com/images/I/51xfrWOBmJL._SY445_.jpg,http://ecx.images-amazon.com/images/I/71eIGxZIstL._SX385_.jpg,http://ecx.images-amazon.com/images/I/517RTy5oz0L._SX425_.jpg,http://ecx.images-amazon.com/images/I/61vhMTQXOUL._SY445_.jpg,http://ecx.images-amazon.com/images/I/61ZqnVGat4L._SX425_.jpg,http://ecx.images-amazon.com/images/I/51JQlHeIhcL._SX342_.jpg
http://ecx.images-amazon.com/images/I/51rjnHpnh%2BL.jpg,http://ecx.images-amazon.com/images/I/61Z%2BzBxlUjL._SX466_.jpg,http://ecx.images-amazon.com/images/I/71QhvF6PpgL._SX522_.jpg,http://ecx.images-amazon.com/images/I/411DzS%2BwBLL._SX385_.jpg,http://ecx.images-amazon.com/images/I/71TueryEafL._SY445_.jpg,http://ecx.images-amazon.com/images/I/412bs3r%2BvmL._SX466_.jpg,http://ecx.images-amazon.com/images/I/410W02GYVKL._SY445_.jpg,http://ecx.images-amazon.com/images/I/613LHEYJ5UL._SX385_.jpg,http://ecx.images-amazon.com/images/I/41B7Nw3Us8L.jpg,http://ecx.images-amazon.com/images/I/51cYyV9cCrL._SY606_.jpg
http://ecx.images-amazon.com/images/I/61i7qmLJfRL._SX466_.jpg,http://ecx.images-amazon.com/images/I/6116I%2B4voEL._SX522_.jpg,http://ecx.images-amazon.com/images/I/51ENtUCSCHL._SY450_.jpg,http://ecx.images-amazon.com/images/I/71%2B5pn0eBPL._SY606_.jpg,http://ecx.images-amazon.com/images/I/41J7dlIHEWL._SX385_.jpg,http://ecx.images-amazon.com/images/I/41UNDpM5ADL.jpg,http://ecx.images-amazon.com/images/I/412Y5Q6BFSL._SX466_.jpg,http://ecx.images-amazon.com/images/I/71JEw7OVESL._SY606_.jpg,http://ecx.images-amazon.com/images/I/51vmfBC2RKL._SX385_.jpg,http://ecx.images-amazon.com/images/I/71iRHM9IPrL._SY445_.jpg
http://ecx.images-amazon.com/images/I/31klRAP4jqL.jpg,http://ecx.images-amazon.com/images/I/51C3V3%2Bc2rL._SX425_.jpg,http://ecx.images-amazon.com/images/I/41XPHSix7iL._SX342_.jpg,http://ecx.images-amazon.com/images/I/5198tCv9b2L._SX385_.jpg,http://ecx.images-amazon.com/images/I/71KaonyG92L._SX342_.jpg,http://ecx.images-amazon.com/images/I/41S2alAozSL.jpg,http://ecx.images-amazon.com/images/I/41GnJe2gv6L._SX385_.jpg,http://ecx.images-amazon.com/images/I/61MxGnDFjpL._SX425_.jpg,http://ecx.images-amazon.com/images/I/41uOy6J8nGL.jpg,http://ecx.images-amazon.com/images/I/81s-nX5GdIL._SX385_.jpg
http://ecx.images-amazon.com/images/I/81eZT2L-JuL._SX425_.jpg,http://ecx.images-amazon.com/images/I/51y2Znh0rkL._SX425_.jpg,http://ecx.images-amazon.com/images/I/71WJav5zSYL._SX385_.jpg,http://ecx.images-amazon.com/images/I/71Ecd3WIqvL._SY606_.jpg,http://ecx.images-amazon.com/images/I/814M-4QpQFL._SY445_.jpg,http://ecx.images-amazon.com/images/I/41CLL8-BUQL._SX466_.jpg,http://ecx.images-amazon.com/images/I/51csZrFNzZL._SX466_.jpg,http://ecx.images-amazon.com/images/I/71E-2AlnfTL._SY445_.jpg,http://ecx.images-amazon.com/images/I/41F20RTDD-L._SX425_.jpg,http://ecx.images-amazon.com/images/I/61rueVuizAL._SX466_.jpg
http://ecx.images-amazon.com/images/I/817gxsx84BL._SY445_.jpg,http://ecx.images-amazon.com/images/I/61ZDk5PlNvL._SX342_.jpg,http://ecx.images-amazon.com/images/I/81KX4%2Bd%2BMlL._SX385_.jpg,http://ecx.images-amazon.com/images/I/71rAlwsjJ6L._SX425_.jpg,http://ecx.images-amazon.com/images/I/61Cst-yPJ2L._SY445_.jpg,http://ecx.images-amazon.com/images/I/71%2B8us8pK-L._SX385_.jpg,http://ecx.images-amazon.com/images/I/41Ryu7OB7sL.jpg,http://ecx.images-amazon.com/images/I/71VCDQxCpUS._SY445_.jpg,http://ecx.images-amazon.com/images/I/4152T7SQQ7L._SY445_.jpg,http://ecx.images-amazon.com/images/I/71maPYFsy2L._SX425_.jpg
http://ecx.images-amazon.com/images/I/41OL4wo5ewL._SX355_.jpg,http://ecx.images-amazon.com/images/I/81cNx7HrquL._SY679_.jpg,http://ecx.images-amazon.com/images/I/51oHVO4LKPL._SX425_.jpg,http://ecx.images-amazon.com/images/I/71ml2a1dURL._SX466_.jpg,http://ecx.images-amazon.com/images/I/61Pt6wO1GrL._SY550_.jpg,http://ecx.images-amazon.com/images/I/51vXewYNstL._SX466_.jpg,http://ecx.images-amazon.com/images/I/715w0CtDbgL._SY445_.jpg,http://ecx.images-amazon.com/images/I/6176JIcP1pL._SY445_.jpg,http://ecx.images-amazon.com/images/I/81mUI-QgFbL._SX342_.jpg,http://ecx.images-amazon.com/images/I/51pqeznFmQL.jpg
http://ecx.images-amazon.com/images/I/31jibQlZAbL._SX385_.jpg,http://ecx.images-amazon.com/images/I/814wdNgTqEL._SY445_.jpg,http://ecx.images-amazon.com/images/I/61vf4KNEMlL._SX466_.jpg,http://ecx.images-amazon.com/images/I/717nAjj-k2L._SY606_.jpg,http://ecx.images-amazon.com/images/I/41UprH6-a4L._SX342_.jpg,http://ecx.images-amazon.com/images/I/51xgzmWpl-L._SX385_.jpg,http://ecx.images-amazon.com/images/I/616Q4y%2BtHXL._SY606_.jpg,http://ecx.images-amazon.com/images/I/61QxrwOrUuL._SY445_.jpg,http://ecx.images-amazon.com/images/I/711WgczJJjL._SX425_.jpg,http://ecx.images-amazon.com/images/I/51lewrUL7-L._SX425_.jpg
http://ecx.images-amazon.com/images/I/41xmOxRyjbL._SX342_.jpg,http://ecx.images-amazon.com/images/I/71bXoY0ucsL._SX342_.jpg,http://ecx.images-amazon.com/images/I/51sDZL3zkXL._SY355_.jpg,http://ecx.images-amazon.com/images/I/41QGR8caAgL._SX425_.jpg,http://ecx.images-amazon.com/images/I/41g7tYDp0aL._SY445_.jpg,http://ecx.images-amazon.com/images/I/41kvLOFR4AL._SX466_.jpg,http://ecx.images-amazon.com/images/I/61VxDKPhEfL._SY550_.jpg,http://ecx.images-amazon.com/images/I/41hHsHygpLL._SX342_.jpg,http://ecx.images-amazon.com/images/I/614QFj6YaAL._SY550_.jpg,http://ecx.images-amazon.com/images/I/41ZBdfLCfPL._SX466_.jpg
http://ecx.images-amazon.com/images/I/41ilphJol3L._SX425_.jpg,http://ecx.images-amazon.com/images/I/51SlRTtBmFL._SX466_.jpg,http://ecx.images-amazon.com/images/I/31g-zotNmTL.jpg,http://ecx.images-amazon.com/images/I/41Jgns35pqL._SX466_.jpg,http://ecx.images-amazon.com/images/I/51oFJfZ-LcL._SX466_.jpg,http://ecx.images-amazon.com/images/I/51wgOLTRC9L._SX425_.jpg,http://ecx.images-amazon.com/images/I/51bNmNXdIIL._SX385_.jpg,http://ecx.images-amazon.com/images/I/41Rb3eM%2BDcL.jpg,http://ecx.images-amazon.com/images/I/31zykNP2cAL.jpg,http://ecx.images-amazon.com/images/I/51t%2BRWm5CWL._SY445_.jpg
http://ecx.images-amazon.com/images/I/51%2BduY2r5ML._SX342_.jpg,http://ecx.images-amazon.com/images/I/618%2BO2ZmuKL._SX425_.jpg,http://ecx.images-amazon.com/images/I/51WUJKo3otL._SX466_.jpg,http://ecx.images-amazon.com/images/I/71-bpGDKD3L._SX522_.jpg,http://ecx.images-amazon.com/images/I/51p8LMQ-rIL.jpg,http://ecx.images-amazon.com/images/I/41GBF833ROL._SX425_.jpg,http://ecx.images-amazon.com/images/I/61s78z3A24L._SX466_.jpg,http://ecx.images-amazon.com/images/I/61y91b-I-4L._SX425_.jpg,http://ecx.images-amazon.com/images/I/41Ii-L9TcbL.jpg,http://ecx.images-amazon.com/images/I/71EGTWrKDzL._SY606_.jpg
http://ecx.images-amazon.com/images/I/813TVPNVyoS._SY445_.jpg,http://ecx.images-amazon.com/images/I/41sLcqPfYhL._SX385_.jpg,http://ecx.images-amazon.com/images/I/41-xsg3gQvL._SY445_.jpg,http://ecx.images-amazon.com/images/I/51MUHIfQlKL._SY679_.jpg,http://ecx.images-amazon.com/images/I/81hQqE7a7ML._SX342_.jpg,http://ecx.images-amazon.com/images/I/71D882gyd2L._SX385_.jpg,http://ecx.images-amazon.com/images/I/61Vxe%2BHOPnL._SX342_.jpg,http://ecx.images-amazon.com/images/I/71jeVfklHBL._SX425_.jpg,http://ecx.images-amazon.com/images/I/61Ps8Ltu%2BQL._SX466_.jpg,http://ecx.images-amazon.com/images/I/51wSaGRuxFL._SX342_.jpg
http://ecx.images-amazon.com/images/I/51A2Q%2Bzu3oL._SX385_.jpg,http://ecx.images-amazon.com/images/I/51fn3BPVM4L._SY606_.jpg,http://ecx.images-amazon.com/images/I/81I2oKQWWiL._SY445_.jpg,http://ecx.images-amazon.com/images/I/71q-Xbyl4iL._SX522_.jpg,http://ecx.images-amazon.com/images/I/51awN9XTEQL.jpg,http://ecx.images-amazon.com/images/I/61bSM9UR7cL._SX425_.jpg,http://ecx.images-amazon.com/images/I/61s0EELSaGL._SY550_.jpg,http://ecx.images-amazon.com/images/I/51ey2pd0fCL._SX385_.jpg,http://ecx.images-amazon.com/images/I/51vGYs3BDyL.jpg,http://ecx.images-amazon.com/images/I/71vZvJt0XEL._SY445_.jpg
http://ecx.images-amazon.com/images/I/51yJ-yKztML._SX342_.jpg,http://ecx.images-amazon.com/images/I/41QGp3vl0XL._SX425_.jpg,http://ecx.images-amazon.com/images/I/418TWV47BSL._SY445_.jpg,http://ecx.images-amazon.com/images/I/81Z-RCRgUKL._SX342_.jpg,http://ecx.images-amazon.com/images/I/61SF1q89yYL._SX425_.jpg,http://ecx.images-amazon.com/images/I/61ETgWDSkjL._SX342_.jpg,http://ecx.images-amazon.com/images/I/715rr6uRY0L._SY445_.jpg,http://ecx.images-amazon.com/images/I/71loO-ZFJKL._SX522_.jpg,http://ecx.images-amazon.com/images/I/517nftfMv6L._SX342_.jpg,http://ecx.images-amazon.com/images/I/61XsoY9xrXL._SX522_.jpg
http://ecx.images-amazon.com/images/I/41bf3u8XYyL._SX466_.jpg,http://ecx.images-amazon.com/images/I/41eaA-ssW%2BL._SX342_.jpg,http://ecx.images-amazon.com/images/I/412i9XDk-4L.jpg,http://ecx.images-amazon.com/images/I/61ZbwCkRSfL._SX466_.jpg,http://ecx.images-amazon.com/images/I/517C894ejlL._SY606_.jpg,http://ecx.images-amazon.com/images/I/51GqqtrYc8L._SY445_.jpg,http://ecx.images-amazon.com/images/I/616INNWLsNL._SX466_.jpg,http://ecx.images-amazon.com/images/I/71eR5LJAcCL._SX342_.jpg,http://ecx.images-amazon.com/images/I/41xrFrnqEyL._SX466_.jpg,http://ecx.images-amazon.com/images/I/61M4ttNhFqL._SX466_.jpg
http://ecx.images-amazon.com/images/I/41YJa8EDXYL._SX466_.jpg,http://ecx.images-amazon.com/images/I/41kB4uauVcL.jpg,http://ecx.images-amazon.com/images/I/417IzguuNxL._SX425_.jpg,http://ecx.images-amazon.com/images/I/41XIxRl%2BTSL.jpg,http://ecx.images-amazon.com/images/I/91wWNVHdC0L._SY606_.jpg,http://ecx.images-amazon.com/images/I/5117chm3y7L._SX425_.jpg,http://ecx.images-amazon.com/images/I/61vPp43AdoL._SY445_.jpg,http://ecx.images-amazon.com/images/I/51UlLhv9DsL._SX385_.jpg,http://ecx.images-amazon.com/images/I/41Y-ONU8LEL._SX425_.jpg,http://ecx.images-amazon.com/images/I/81nCIl5a20L._SX342_.jpg
http://ecx.images-amazon.com/images/I/71n6rrR6a7L._SX522_.jpg,http://ecx.images-amazon.com/images/I/31o%2BIyAPwNL._SX385_.jpg,http://ecx.images-amazon.com/images/I/81K2zzXUMkL._SX425_.jpg,http://ecx.images-amazon.com/images/I/81Wv5FwxEOL._SY679_.jpg,http://ecx.images-amazon.com/images/I/81QgIQqse8L._SX522_.jpg,http://ecx.images-amazon.com/images/I/71Pjb36DlYL._SX522_.jpg,http://ecx.images-amazon.com/images/I/61HFuLA6jXL._SY550_.jpg,http://ecx.images-amazon.com/images/I/71NHNL%2BIqjS._SY679_.jpg,http://ecx.images-amazon.com/images/I/718fB8OJY2L._SY445_.jpg,http://ecx.images-amazon.com/images/I/717PopL4fGL._SX466_.jpg
http://ecx.images-amazon.com/images/I/91hWZfDfMSL._SX466_.jpg,http://ecx.images-amazon.com/images/I/71FK7wJURFL._SY445_.jpg,http://ecx.images-amazon.com/images/I/41Umj1NGsPL._SX466_.jpg,http://ecx.images-amazon.com/images/I/819gMybPtXL._SX385_.jpg,http://ecx.images-amazon.com/images/I/51iPcom1IqL._SX342_.jpg,http://ecx.images-amazon.com/images/I/81gDVxGjcoL._SX342_.jpg,http://ecx.images-amazon.com/images/I/41tQj4YrWKL._SX342_.jpg,http://ecx.images-amazon.com/images/I/91vg5h5uC5L._SX425_.jpg,http://ecx.images-amazon.com/images/I/61zq%2BWXTruL._SX385_.jpg,http://ecx.images-amazon.com/images/I/515fMhlWWjL._SX466_.jpg
http://ecx.images-amazon.com/images/I/71jLVoeS1FL._SX425_.jpg,http://ecx.images-amazon.com/images/I/410VzTGb4vL._SX342_.jpg,http://ecx.images-amazon.com/images/I/316aKqZShML.jpg,http://ecx.images-amazon.com/images/I/51Wgdu9tvgL._SY550_.jpg,http://ecx.images-amazon.com/images/I/318nVGcDHIL.jpg,http://ecx.images-amazon.com/images/I/41FpzRZToeL.jpg,http://ecx.images-amazon.com/images/I/61JC8CrmekL._SY445_.jpg,http://ecx.images-amazon.com/images/I/714Op3nckGL._SY550_.jpg,http://ecx.images-amazon.com/images/I/61GzzNE0ryL._SY679_.jpg,http://ecx.images-amazon.com/images/I/61i06jj33qL._SX425_.jpg
http://ecx.images-amazon.com/images/I/61%2BT0jie7cL._SX385_.jpg,http://ecx.images-amazon.com/images/I/71LoUYJ8I6L._SY606_.jpg,http://ecx.images-amazon.com/images/I/41dmMK-oAZL.jpg,http://ecx.images-amazon.com/images/I/517hIsqoV5L._SX342_.jpg,http://ecx.images-amazon.com/images/I/41J0KccNBpL._SX466_.jpg,http://ecx.images-amazon.com/images/I/61BerygDrEL._SX342_.jpg,http://ecx.images-amazon.com/images/I/614e6S1WmtL._SX466_.jpg,http://ecx.images-amazon.com/images/I/61GJYCvB6yL._SY445_.jpg,http://ecx.images-amazon.com/images/I/61UF3nwf0lL._SY606_.jpg,http://ecx.images-amazon.com/images/I/51S8yjEEPGL._SX342_.jpg
http://ecx.images-amazon.com/images/I/61GYQ9H%2BiFL._SY445_.jpg,http://ecx.images-amazon.com/images/I/31Sf0rGGjqL._SX342_.jpg,http://ecx.images-amazon.com/images/I/71RpNWpSp5L._SY606_.jpg,http://ecx.images-amazon.com/images/I/317rqCuZW8L.jpg,http://ecx.images-amazon.com/images/I/41coCX67WjL._SX466_.jpg,http://ecx.images-amazon.com/images/I/51w41U-oR4L._SX385_.jpg,http://ecx.images-amazon.com/images/I/51CP4r3BcFL.jpg,http://ecx.images-amazon.com/images/I/514lR2jzaQL._SX425_.jpg,http://ecx.images-amazon.com/images/I/31i9OaOGxzL.jpg,http://ecx.images-amazon.com/images/I/81Wx7lWPzYL._SX342_.jpg
http://ecx.images-amazon.com/images/I/51RkoT4UBjL._SX522_.jpg,http://ecx.images-amazon.com/images/I/41TDD8RTNPL._SY445_.jpg,http://ecx.images-amazon.com/images/I/41FMSkTQ5xL._SY355_.jpg,http://ecx.images-amazon.com/images/I/61wkFNYMByL._SX385_.jpg,http://ecx.images-amazon.com/images/I/81we9PoKp6L._SY606_.jpg,http://ecx.images-amazon.com/images/I/61qu8xQKbgL._SX342_.jpg,http://ecx.images-amazon.com/images/I/618skB2jWDL._SX522_.jpg,http://ecx.images-amazon.com/images/I/41ChXNfWHaL._SX425_.jpg,http://ecx.images-amazon.com/images/I/91AF-8uVSML._SY606_.jpg,http://ecx.images-amazon.com/images/I/61YuqexUqnL._SX342_.jpg
http://ecx.images-amazon.com/images/I/917omAbQNHL._SY606_.jpg,http://ecx.images-amazon.com/images/I/71EFbtBIm6L._SY550_.jpg,http://ecx.images-amazon.com/images/I/51ndMdvJRkL._SY550_.jpg,http://ecx.images-amazon.com/images/I/71d9J2g8KTL._SX522_.jpg,http://ecx.images-amazon.com/images/I/61UPrJfbVsL._SX425_.jpg,http://ecx.images-amazon.com/images/I/51iYX1lJIXL._SX466_.jpg,http://ecx.images-amazon.com/images/I/61mb6Uta1JL._SX342_.jpg,http://ecx.images-amazon.com/images/I/81pyVRtxd2L._SY679_.jpg,http://ecx.images-amazon.com/images/I/917pJ1N36RL._SY355_.jpg,http://ecx.images-amazon.com/images/I/416pooe0ONL._SX385_.jpg
http://ecx.images-amazon.com/images/I/41v1KrfN4FL._SX385_.jpg,http://ecx.images-amazon.com/images/I/51Om4WOrE7L._SX342_.jpg,http://ecx.images-amazon.com/images/I/91FTLvEbJVL._SY445_.jpg,http://ecx.images-amazon.com/images/I/517mQF6xnvL._SX385_.jpg,http://ecx.images-amazon.com/images/I/519AsOMRnKL._SX425_.jpg,http://ecx.images-amazon.com/images/I/41XhXadG7TL._SY445_.jpg,http://ecx.images-amazon.com/images/I/616X%2BBSOysL._SY679_.jpg,http://ecx.images-amazon.com/images/I/81tksf7yGML._SX385_.jpg,http://ecx.images-amazon.com/images/I/71lR54kUsHL._SY606_.jpg,http://ecx.images-amazon.com/images/I/716MBW9vDpL._SY679_.jpg
http://ecx.images-amazon.com/images/I/71Mpho3o26L._SX522_.jpg,http://ecx.images-amazon.com/images/I/81C6Fy6q5LL._SY550_.jpg,http://ecx.images-amazon.com/images/I/91Q3Pm8xMiL._SY606_.jpg,http://ecx.images-amazon.com/images/I/41OTEGiJEmL.jpg,http://ecx.images-amazon.com/images/I/61SODPVwz6L._SX425_.jpg,http://ecx.images-amazon.com/images/I/514kOT-t-bL.jpg,http://ecx.images-amazon.com/images/I/51YkNM4x0JL._SX342_.jpg,http://ecx.images-amazon.com/images/I/41vVniEoqcL._SX342_.jpg,http://ecx.images-amazon.com/images/I/31dUr6CZljL.jpg,http://ecx.images-amazon.com/images/I/71-Q-5HNL6L._SX425_.jpg
http://ecx.images-amazon.com/images/I/41%2ByzkCpfYL.jpg,http://ecx.images-amazon.com/images/I/419BIOP95rL.jpg,http://ecx.images-amazon.com/images/I/71nqJ5kwwEL._SY606_.jpg,http://ecx.images-amazon.com/images/I/51aF837R7cL._SX385_.jpg,http://ecx.images-amazon.com/images/I/61smU0S8YBL._SX425_.jpg,http://ecx.images-amazon.com/images/I/61sKvJFtbfL._SX385_.jpg,http://ecx.images-amazon.com/images/I/6161IUZxcOL._SY550_.jpg,http://ecx.images-amazon.com/images/I/41H7-P5nKPL._SY445_.jpg,http://ecx.images-amazon.com/images/I/41zMhG6Ms3L._SY445_.jpg,http://ecx.images-amazon.com/images/I/71bXoY0ucsL._SX342_.jpg
http://ecx.images-amazon.com/images/I/61PEHkwW6LL._SX342_.jpg,http://ecx.images-amazon.com/images/I/41BAYaxiIHL._SX466_.jpg,http://ecx.images-amazon.com/images/I/51yKcBFSrCL.jpg,http://ecx.images-amazon.com/images/I/419p3Nu55AL.jpg,http://ecx.images-amazon.com/images/I/911EXaoc-KL._SX342_.jpg,http://ecx.images-amazon.com/images/I/41LQbfz9loL._SX385_.jpg,http://ecx.images-amazon.com/images/I/4109AJja-HL._SX466_.jpg,http://ecx.images-amazon.com/images/I/51JNBt5U3PL._SX425_.jpg,http://ecx.images-amazon.com/images/I/61oBjMCItKL._SX425_.jpg,http://ecx.images-amazon.com/images/I/41yFWRD-WUL._SX385_.jpg
http://ecx.images-amazon.com/images/I/81xjS8tI2rL._SY550_.jpg,http://ecx.images-amazon.com/images/I/51p%2BZjmXFIL._SX342_.jpg,http://ecx.images-amazon.com/images/I/41Xqf9f8ttL._SX385_.jpg,http://ecx.images-amazon.com/images/I/41Dnw45YHVL._SX385_.jpg,http://ecx.images-amazon.com/images/I/715QAkJRmaL._SX342_.jpg,http://ecx.images-amazon.com/images/I/61HJucomb9L._SX425_.jpg,http://ecx.images-amazon.com/images/I/61xKvQWXLBL._SY445_.jpg,http://ecx.images-amazon.com/images/I/41sVuK8xLoL._SX385_.jpg,http://ecx.images-amazon.com/images/I/41DBpWCuExL._SY445_.jpg,http://ecx.images-amazon.com/images/I/41TxDAfIQML._SX385_.jpg
http://ecx.images-amazon.com/images/I/51cRpiVUc8L._SX342_.jpg,http://ecx.images-amazon.com/images/I/71pm886YX%2BL._SX342_.jpg,http://ecx.images-amazon.com/images/I/81DwpOsGdQL._SY679_.jpg,http://ecx.images-amazon.com/images/I/81YII0n5HPL._SX425_.jpg,http://ecx.images-amazon.com/images/I/31op8w0jb-L._SX466_.jpg,http://ecx.images-amazon.com/images/I/41ISX3QaNBL._SY445_.jpg,http://ecx.images-amazon.com/images/I/41qrvGMiacL._SY445_.jpg,http://ecx.images-amazon.com/images/I/81D4af0lJ-L._SY445_.jpg,http://ecx.images-amazon.com/images/I/41txdOFG0gL.jpg,http://ecx.images-amazon.com/images/I/510u2Q8bozL._SX385_.jpg
http://ecx.images-amazon.com/images/I/41I0OZtK7EL._SX450_.jpg,http://ecx.images-amazon.com/images/I/41uELEDHKwL.jpg,http://ecx.images-amazon.com/images/I/81TkCrvTXQL._SY679_.jpg,http://ecx.images-amazon.com/images/I/51slGdUlpHL._SX385_.jpg,http://ecx.images-amazon.com/images/I/81BMglI0ZbL._SY550_.jpg,http://ecx.images-amazon.com/images/I/81U8niKoKlL._SY606_.jpg,http://ecx.images-amazon.com/images/I/41T5GflxvZL.jpg,http://ecx.images-amazon.com/images/I/81Wx7lWPzYL._SX342_.jpg,http://ecx.images-amazon.com/images/I/517GTEIqPCL._SX466_.jpg,http://ecx.images-amazon.com/images/I/61TScXV73NL._SX385_.jpg
http://ecx.images-amazon.com/images/I/51wcd%2Bz24TL._SX385_.jpg,http://ecx.images-amazon.com/images/I/61usmcdPgRL._SY445_.jpg,http://ecx.images-amazon.com/images/I/61WZWpJTYmL._SY679_.jpg,http://ecx.images-amazon.com/images/I/51i9h187HsL._SX385_.jpg,http://ecx.images-amazon.com/images/I/71ex08KLA6L._SX385_.jpg,http://ecx.images-amazon.com/images/I/51aT9S1SC-L._SX425_.jpg,http://ecx.images-amazon.com/images/I/61AV1bxb55L._SX466_.jpg,http://ecx.images-amazon.com/images/I/41gpK-BldIL._SX342_.jpg,http://ecx.images-amazon.com/images/I/415G56-F0zL._SX385_.jpg,http://ecx.images-amazon.com/images/I/6136nC5tqlL._SY445_.jpg
http://ecx.images-amazon.com/images/I/51X9ge4z9hL._SX466_.jpg,http://ecx.images-amazon.com/images/I/61XWwix%2BjNL._SY550_.jpg,http://ecx.images-amazon.com/images/I/61idL0mvn6L._SY445_.jpg,http://ecx.images-amazon.com/images/I/812GFR8sIFL._SY679_.jpg,http://ecx.images-amazon.com/images/I/41bRK4aecnL.jpg,http://ecx.images-amazon.com/images/I/81XxCnPen8L._SY445_.jpg,http://ecx.images-amazon.com/images/I/61sNSQIYQhL._SY550_.jpg,http://ecx.images-amazon.com/images/I/51kewwplg1L._SX425_.jpg,http://ecx.images-amazon.com/images/I/41Ya7N-Q9uL._SY445_.jpg,http://ecx.images-amazon.com/images/I/81kVaS6ZcyL._SX385_.jpg
http://ecx.images-amazon.com/images/I/61mIUUw8S6L._SX466_.jpg,http://ecx.images-amazon.com/images/I/710uP3hR3WL._SX385_.jpg,http://ecx.images-amazon.com/images/I/81apcmei%2B%2BL._SY679_.jpg,http://ecx.images-amazon.com/images/I/61Fyc4EmqoL._SX342_.jpg,http://ecx.images-amazon.com/images/I/51kR3zWrmBL._SX385_.jpg,http://ecx.images-amazon.com/images/I/6134n-xTkqL._SX522_.jpg,http://ecx.images-amazon.com/images/I/71-oarN3kqL._SY445_.jpg,http://ecx.images-amazon.com/images/I/61jO0zlpOkL._SX385_.jpg,http://ecx.images-amazon.com/images/I/41VQerBwqwL._SY445_.jpg,http://ecx.images-amazon.com/images/I/51OPGP2Y0-L._SX425_.jpg
http://ecx.images-amazon.com/images/I/41Dml6nyaAL._SX425_.jpg,http://ecx.images-amazon.com/images/I/71lWR5R%2BTRL._SY550_.jpg,http://ecx.images-amazon.com/images/I/61eoTf%2BMx0L._SX385_.jpg,http://ecx.images-amazon.com/images/I/71zBMW3EzqL._SX425_.jpg,http://ecx.images-amazon.com/images/I/417foRbdsgL.jpg,http://ecx.images-amazon.com/images/I/81K2zzXUMkL._SX425_.jpg,http://ecx.images-amazon.com/images/I/61eXoHpeVUL._SX342_.jpg,http://ecx.images-amazon.com/images/I/41LS9-IdgUL._SX425_.jpg,http://ecx.images-amazon.com/images/I/31vCAyiUnfL._SX342_.jpg,http://ecx.images-amazon.com/images/I/41NTei8r6KL.jpg
http://ecx.images-amazon.com/images/I/515VW3NgchL._SX425_.jpg,http://ecx.images-amazon.com/images/I/41Lpa3dWE0L._SX385_.jpg,http://ecx.images-amazon.com/images/I/31S0-hPbcuL.jpg,http://ecx.images-amazon.com/images/I/41SKnL%2BnwGL.jpg,http://ecx.images-amazon.com/images/I/61KjRjBqOSL._SX466_.jpg,http://ecx.images-amazon.com/images/I/41RyO5Hs3vL.jpg,http://ecx.images-amazon.com/images/I/41Dghn7sEgL._SX425_.jpg,http://ecx.images-amazon.com/images/I/61yTdGDA2CL._SX466_.jpg,http://ecx.images-amazon.com/images/I/51Bgjogt3JL._SX342_.jpg,http://ecx.images-amazon.com/images/I/41PFr1nCRjL.jpg
http://ecx.images-amazon.com/images/I/41Ryu7OB7sL.jpg,http://ecx.images-amazon.com/images/I/414M36d4eOL._SX342_.jpg,http://ecx.images-amazon.com/images/I/91NtxH6vALL._SY679_.jpg,http://ecx.images-amazon.com/images/I/61Hoz4gixBL._SX342_.jpg,http://ecx.images-amazon.com/images/I/61JJFfSC7xL._SX425_.jpg,http://ecx.images-amazon.com/images/I/41M2EIsriyL.jpg,http://ecx.images-amazon.com/images/I/81ikFeLPxgL._SX466_.jpg,http://ecx.images-amazon.com/images/I/71tJgjzYAgL._SY679_.jpg,http://ecx.images-amazon.com/images/I/71ZStMuZMnL._SY445_.jpg,http://ecx.images-amazon.com/images/I/51Oep%2BsT3XL.jpg
http://ecx.images-amazon.com/images/I/51y%2BtE3JydL._SX385_.jpg,http://ecx.images-amazon.com/images/I/81lzB6E-jrL._SX466_.jpg,http://ecx.images-amazon.com/images/I/91u01nu36EL._SX466_.jpg,http://ecx.images-amazon.com/images/I/41tWjtcfUxL.jpg,http://ecx.images-amazon.com/images/I/5161%2BeSRgKL.jpg,http://ecx.images-amazon.com/images/I/51TD2AT%2BYXL._SX385_.jpg,http://ecx.images-amazon.com/images/I/61YbhMsRrJL._SX342_.jpg,http://ecx.images-amazon.com/images/I/41KW4YwqGgL._SX466_.jpg,http://ecx.images-amazon.com/images/I/61d1BYFf56L._SY450_.jpg,http://ecx.images-amazon.com/images/I/71VNmHhLZ%2BL._SX425_.jpg
http://ecx.images-amazon.com/images/I/61rQSjseIWL._SY450_.jpg,http://ecx.images-amazon.com/images/I/41WyOaY5H1L.jpg,http://ecx.images-amazon.com/images/I/419xgxZDfqL._SX342_.jpg,http://ecx.images-amazon.com/images/I/312VzSpOE4L.jpg,http://ecx.images-amazon.com/images/I/71uhNWdf%2BNL._SX425_.jpg,http://ecx.images-amazon.com/images/I/21%2BDBGNOtKL.jpg,http://ecx.images-amazon.com/images/I/51NR8HqwLrL._SX425_.jpg,http://ecx.images-amazon.com/images/I/71LoYy8%2BTVL._SY550_.jpg,http://ecx.images-amazon.com/images/I/21a9Wa4X1CL.jpg,http://ecx.images-amazon.com/images/I/616-n-APDaL._SY445_.jpg
http://ecx.images-amazon.com/images/I/81S3q23ExwL._SX466_.jpg,http://ecx.images-amazon.com/images/I/61kUOc3ut%2BL._SX385_.jpg,http://ecx.images-amazon.com/images/I/71Mz-JbPcpL._SX466_.jpg,http://ecx.images-amazon.com/images/I/61fY7lGtZDL._SY606_.jpg,http://ecx.images-amazon.com/images/I/81RaZrJECzL._SX385_.jpg,http://ecx.images-amazon.com/images/I/61Tn2F6JL0L._SX466_.jpg,http://ecx.images-amazon.com/images/I/81xirlYZb4L._SY445_.jpg,http://ecx.images-amazon.com/images/I/71dvlRwcJ2L._SX522_.jpg,http://ecx.images-amazon.com/images/I/919W4UNnG5L._SX522_.jpg,http://ecx.images-amazon.com/images/I/91WqRO4DyRL._SX466_.jpg
http://ecx.images-amazon.com/images/I/61BBs5-QEAL._SX425_.jpg,http://ecx.images-amazon.com/images/I/A1MlNApZkoL._SX522_.jpg,http://ecx.images-amazon.com/images/I/81zwU5hwAmL._SY445_.jpg,http://ecx.images-amazon.com/images/I/61Fv61j3KML._SX385_.jpg,http://ecx.images-amazon.com/images/I/61LbqdiuiFL._SY550_.jpg,http://ecx.images-amazon.com/images/I/71b%2Bq3ydkIS._SY679_.jpg,http://ecx.images-amazon.com/images/I/61wbal1S19L._SX466_.jpg,http://ecx.images-amazon.com/images/I/61mxtX79GZL._SX385_.jpg,http://ecx.images-amazon.com/images/I/61%2BwGk%2B04iL._SX522_.jpg,http://ecx.images-amazon.com/images/I/611FCeb76kL._SY550_.jpg
http://ecx.images-amazon.com/images/I/515pAbrOBSL._SX425_.jpg,http://ecx.images-amazon.com/images/I/61UYuBBNePL._SX425_.jpg,http://ecx.images-amazon.com/images/I/81jNtRqd%2BML._SY445_.jpg,http://ecx.images-amazon.com/images/I/413tT0mNV4L._SX342_.jpg,http://ecx.images-amazon.com/images/I/81hZkGgeuXL._SY445_.jpg,http://ecx.images-amazon.com/images/I/813gf9hou1L._SY606_.jpg,http://ecx.images-amazon.com/images/I/41iDvayWNNL._SY445_.jpg,http://ecx.images-amazon.com/images/I/81BVLBtGV%2BL._SX522_.jpg,http://ecx.images-amazon.com/images/I/61cKlBKBVwL._SX385_.jpg,http://ecx.images-amazon.com/images/I/81Un3fuHcwL._SX466_.jpg
http://ecx.images-amazon.com/images/I/81Wn2r-s%2BRL._SY445_.jpg,http://ecx.images-amazon.com/images/I/81P86HGtHnL._SY445_.jpg,http://ecx.images-amazon.com/images/I/91bp0ck%2BkEL._SX342_.jpg,http://ecx.images-amazon.com/images/I/51esVJ5sgcL.jpg,http://ecx.images-amazon.com/images/I/71FwiFIvqHL._SX522_.jpg,http://ecx.images-amazon.com/images/I/41dy1h6PB2L._SX425_.jpg,http://ecx.images-amazon.com/images/I/71jhLyl9dAL._SY606_.jpg,http://ecx.images-amazon.com/images/I/41NQ%2BWsyTxL.jpg,http://ecx.images-amazon.com/images/I/41kXWDBCPpL._SX385_.jpg,http://ecx.images-amazon.com/images/I/511PEDZHaGL._SX425_.jpg
http://ecx.images-amazon.com/images/I/814%2Bt7gcdML._SX385_.jpg,http://ecx.images-amazon.com/images/I/41-IUYVb7EL._SX425_.jpg,http://ecx.images-amazon.com/images/I/71Vt35gvCAL._SY606_.jpg,http://ecx.images-amazon.com/images/I/815LG9RjRtL._SX522_.jpg,http://ecx.images-amazon.com/images/I/71cDKBgLO6L._SX385_.jpg,http://ecx.images-amazon.com/images/I/51jU6-nZQOL._SX466_.jpg,http://ecx.images-amazon.com/images/I/61E7L%2B4jL4L._SX522_.jpg,http://ecx.images-amazon.com/images/I/414%2B5UlBhML._SX466_.jpg,http://ecx.images-amazon.com/images/I/715ujM7a%2BoL._SX342_.jpg,http://ecx.images-amazon.com/images/I/81QOLYfhLrL._SX425_.jpg
http://ecx.images-amazon.com/images/I/411VYC323JL._SX342_.jpg,http://ecx.images-amazon.com/images/I/41fahtyFIQL.jpg,http://ecx.images-amazon.com/images/I/71cIyFPKTpL._SX522_.jpg,http://ecx.images-amazon.com/images/I/51OF4zZmFbL._SX385_.jpg,http://ecx.images-amazon.com/images/I/41XZt%2BN-kLL._SX425_.jpg,http://ecx.images-amazon.com/images/I/219lI%2BJTiEL.jpg,http://ecx.images-amazon.com/images/I/7161Mg0jTML._SY606_.jpg,http://ecx.images-amazon.com/images/I/31e%2BGsvmogL._SX425_.jpg,http://ecx.images-amazon.com/images/I/41alLmAY%2BaL._SX342_.jpg,http://ecx.images-amazon.com/images/I/41zMMALPThL._SX466_.jpg
