"          NOTE3-Style 5.7"" 3G Android 4.2 Smartphone(Dual SIM,IPS Screen,Quad Core,WiFi,Dual Camera) -Black Color                                                      ","          POSH Lynx A100a - 1.8"", Single-core, 32MB , VGA Camera, Dual Sim Feature Phone (Black/ White)                                                      ","          X-bo O1 Unlocked 6.0 inch IPS screen 3g Android 5.1 Smartphone Mobile Phone (Dual Sim ,wifi,dual Camera) Cell Phones                                                      ","          Note4 Style WALSUN 5.7"" 3G Android 4.2 Smartphone(Dual SIM,IPS Screen,Quad Core,WiFi,Dual Camera)-Black                                                      ","          Padgene New Version Vogue 6"" Android 5.1 Unlocked Smartphone, 4 Cores, Dual Sim, Dual Camera, 2G / 3G GSM Smartphone ( Case Included ), Gold                                                      ",          Apple iPhone 4 (MD440LL/A) - 8GB Smartphone - White - Locked Verizon CDMA (Certified Refurbished)                                                      ,"          Unlocked Note4 JYL 5.5"" HD Android 4.4 OS 3G Smartphone Unlocked Cell Phone Android Phones (Dual SIM,Quad Core,WiFi,GPS,Dual Camera,1+4G) BlackColor                                                      ","          JUNING(TM) Unlocked Anroid 5.1 Smartphone 5.0"" Dual SIM GSM Cell Phones 3G Moblie phone MTK6580 Quad Core ROM 4GB 5.0MP Camera Pink                                                      ","          JUNING(TM) 5.0"" Anroid 4.4 Smartphone MTK6572 Dual Core ROM 4GB 5.0MP Camera Unlocked Dual SIM Cell phones Moblie phone Wifi Bluetooth Black                                                      ","          Acatim Unlocked Military Version IP67 Unblocked Waterproof Dustproof Shockproof Cell Phones with 8GB TF Card ,Dual Sim Cards , Standby 60days with LED Flashlight & 5000mAh Power Bank Function(Black)                                                      ",          HTC One M7 32GB Unlocked GSM 4G LTE Android Cell Phone - Silver                                                      
          Lenovo K900 Smart Cell Phone (with 32GB TF Card) 5.5 Inch Android 4.2 OTG 13MP 1920*1080 (FHD) RAM 2GB+ROM 16GB Inter Atom 2.0GHz Dual Core Micro SIM WCDMA GSM (Phone+ 32GB TF Card)                                                      ,"          Lenovo MA388 Cheap Business / Elders Flip Cell Phone 3.5 Inch with FM / Flashlight / Camera / Bluetooth, Dual SIM GSM Network                                                      ",          inDigi Phablet-713-2Ga Unlocked 7-Inch GSM Android 4.0 ICS Smart Cell Phone + Tablet PC (2-in-1 Phablet) with Google Play Store + 32GB MicroSD Card                                                      ,"          Unlocked Dual SIM Branded Android 4.4 Dual Core Smartphone (Black) - Decent 3.5 Inch Multi-touch Display GSM 2G & Wifi Mobile Phone, Original without Contract                                                      ","          Quad-band Unlocked GSM Flip Seniors Cell Phone, SOS Button, Large Keyboard,gsm Only(2g Net Only)                                                      ",          Unlocked Smartphone 4.0 Inch Dual SIM Android 4.4 with Dual Core 1.0ghz Processor GSM / 3g/ Wifi Network Bluetooth No Contract Phones Mobile Phone (Purple)                                                      ,"          Padgene 5"" Android 4.4 Unlocked Quad Core Dual Sim Smartphone Cell Phone (Gold)                                                      ","          Quad-band Unlocked GSM Flip Seniors Cell Phone, SOS Button, Large Keyboard, Black Color                                                      ",          Coofone Ultra Slim Super Thin Credit Card Size Mini Cell Phone 2G GSM Mobile Phone Unlocked (Black)                                                      ,"          Padgene 5"" Android 4.4 Unlocked Quad Core Dual Sim Smartphone Cell Phone (Grey)                                                      "
"          POSH Equal S700a - 7.0"", 4G, Android 4.4 Kit Kat, Dual-core, 4GB, 5MP Camera, Dual Sim Tablet, Voice Calling Enabled (White)                                                      ","          Ulefone Unlocked Smart Phone 5.5 Inch Quad Core MTK6582, 1GB, 8GB, White                                                      ","          2016 Unlocked Dual SIM Branded Android 4.4 Dual Core Smartphone - Decent 3.5 Inch Multi-touch Display GSM 2g Wifi Cell Phone, Original Without Contract (Red)                                                      ",          LG Spectrum 4G Android Phone (Verizon Wireless)                                                      ,"          Lenovo S930 6"" HD IPS Quad-Core Dual Sim 3000mAh Unlocked Smartphone Cell Phone                                                      ","          Unlocked Dual SIM Branded Android 4.4 Dual Core Smartphone (Blue)- 3.5 Inch Multi-touch Display GSM 2G Wifi Mobile Phone, Original without Contract                                                      ",          Golden Mini Ultra Slim JAVA Touch Screen Mobile Phone GSM Quadband MP3 Bluetooth Aiek M3                                                      ,          NEW GOOGLE MOTOROLA 8GB MOTO G XT1032 BLACK FACTORY UNLOCKED ANDROID 3G 2G GSM MOBILE PHONE ((2G QUAD BAND & 3G 850/900/1900/2100)                                                      ,"          Unlocked Dual SIM Branded Android 4.4 Dual Core Smartphone (White) - Decent 3.5 Inch Multi-touch Display GSM 2G Wifi Mobile Phone, Original without Contract                                                      ",          LG G4C H525N 8GB 8MP 5-IN CERAMIC WHITE FACTORY UNLOCKED 4G/LTE CELL PHONE                                                      
          CATERPILLAR CAT B30 DUAL SIM IP67 BLACK FACTORY UNLOCKED 3G CELL PHONE                                                      ,          iPhone 4S 8 GB Boost Mobile                                                      ,          SAMSUNG GALAXY S6 EDGE+ PLUS 32GB SM-G928F GOLD PLATINUM FACTORY UNLOCKED 4G/LTE CELL PHONE                                                      ,          Kyocera Marbl K127 (Virgin Mobile) Cellular Phone                                                      ,"          LXLG® Unlocked Anroid 4.4 Smartphone 5.0"" Dual SIM GSM Cellphones 3G Moblie phone MTK6572 Dual Core ROM 4GB 5.0MP Camera -White                                                      ",          Original Lenovo A850+ 5.5 Inch QHD IPS Mtk6592 Octa Core English Android 4.2 Mobile Cell Phone 1gb 4gb GPS Black/white (Black)                                                      ,          Unlocked Smartphone 4.0 Inch Dual SIM Android 4.4 with Dual Core 1.0ghz Processor GSM / 3g/ Wifi Network Bluetooth No Contract Phones Mobile Phone (Rose)                                                      ,          huhushop(TM) Mini Ultrathin Credit Bank Card Size Cell Mobile Phone Unlocked GSM Quadband                                                      ,          Smartphone 1.0g Dual Core Wcdma Dual SIM 4.0 Inch LCD Screen Unlocked Mobile Phone (Silver)                                                      ,          Apple iPhone 4S mobile phone 16Gb Black MD865LL/A - Virgin Mobile                                                      
          HAMSWAN® IP67 Waterproof Mobile Phone Dustproof Shockproof Rugged Outdoor Cell Phones Camera Bluetooth Cheap Phone (Yellow)                                                      ,          Silver Smartphone Mtk6572a/x 1.0g Dual Core Android 4.4 Dual SIM 4.0 Inch 480*800 LCD Screen No-contract Mobile Phone                                                      ,"          Twinbuys M5, 1.0 Inch 4.5mm Ultra Thin Fashionable Mini Mobile Positioning Card Phone, Micro SIM (blue)                                                      ","          Posh Mobile Titan Max HD E600a - 6.0"" HD Display, 4G H+ GSM Unlocked, Android 4.4 Kit Kat, 1.7Ghz Octa-Core, 8GB Internal Memory, 13MP Camera, Dual Sim Smartphone - 1 Year USA Warranty (Black)                                                      ",          Virgin Mobile 16gb Apple iPhone 5s (Silver)                                                      ,"          ECOOPRO® Rugged GSM Cell Phone - IP67 Waterproof ,Shockproof ,Dustproof Dual SIM Long-time Standby Unlocked Cell Phone (Yellow)                                                      ","          Universal Mini Bluetooth Headset Wireless Handsfree For mobile phones, iPhone, android phone, watch phone, PS3, PDA                                                      ",          Motorola Moto W755 No Contract 3G MP3 Purple Cell Phone Verizon Wireless                                                      ,"          ECOOPRO® Rugged GSM Cell Phone - IP67 Waterproof ,Shockproof ,Dustproof Dual SIM Long-time Standby Unlocked Cell Phone (Gold)                                                      ",          BLU Studio 7.0 II -Unlocked Smartphone - US GSM - Gold                                                      
"          ASU.S. P527 Unlocked Phone GPS, WiFi, 2 MP, Windows Mobile--U.S. Version with Warranty                                                      ",          BLU Diva II Unlocked GSM Dual-SIM Cell Phone with Camera - Retail Packaging - White                                                      ,          Posh Mobile Revel Pro X510 - Factory Unlocked Phone - Retail Packaging (Black)                                                      ,"          POSH Equal S700a - 7.0"", 4G, Android 4.4 Kit Kat, Dual-core, 4GB, 5MP Camera, Dual Sim Tablet, Voice Calling Enabled (Black)                                                      ",          HAMSWAN IP67 Waterproof Mobile Phone Dustproof Shockproof Rugged Outdoor 2.0 Inch TFT 2570mAh Battery Cell Phones Camera Bluetooth Smartphone (Yellow)                                                      ,"          Unlocked Dual SIM Branded Android 4.4 Dual Core Smartphone (Red) - Decent 3.5 Inch Multi-touch Display GSM 2G Wifi Mobile Phone, Original without Contract                                                      ",          verykool s3503 Unlocked Cell Phone - Carrier Packaging - Pink                                                      ,"          HTC One M7  Factory Unlocked Cellphone, 32GB, Silver                                                      ","          POSH Kick Lite S410a - 4.0"", 4G HSDPA+, Android 4.4 Kit Kat, Dual-core, 4GB, 5MP Camera, Compact fun-size UNLOCKED Smartphone (Blue)                                                      ","          POSH Orion Mini S350a - 3.5"", 4G, Android 4.4 Kit Kat, Dual-core, 512MB, 5MP Camera, Dual Sim Smartphone (Green)                                                      "
          MuchBuy Classic Old Vintage Brick Mobile Phone USB Charger Mobile Phone With Camera-white                                                      ,"          ECOOPRO® Rugged GSM Cell Phone - IP67 Waterproof ,Shockproof ,Dustproof Dual SIM Long-time Standby Unlocked Cell Phone (Grey)                                                      ","          POSH Micro X S240b - 2.4"", 4G, Android 4.4 Kit Kat, Dual-core, 4GB , 2MP Camera, Ultra Compact, Micro-size UNLOCKED Smartphone (Black)                                                      ",          Ultra-thin Dual Sim Unlocked Cell Phones M5 Smartphone 5 Touch Screen Android 4.4 Moblie Phone Gsm/wcdma Dual Sim Smart Phone Black                                                      ,"          DTECH @ 2 peces Thumb Shape Cell Phone Stands Mobile phone Tablet Thumb Lazy Stents for iPhone 5 , iPhone 6 plus, Samsung Apple Lenovo Dell Asus Google iPhone LG HTC Nokia Motorola iPad iPad2 and All Other Mobile Phones,Ok Stand Universal Flexible Thumb Smartphone Stand Holder, Tablet Mount Holder, for Any Cellphone, Stand Holder for Apple iPhone 4 4s iphone 5 Samsung Galaxy s3 SIII Samsung GALAXY S6,S6 EDGE.Note II iPad 2 3 ipad mini iPod Nokia LG HTC One X etc,RING Essentials "" Cell Phone and Tablets Anti Drop Ring for iPhone 6 plus iPad mini iPad2 iPad iPod Samsung GALAXY NOTE S5 Universal Mobile Devices,OK Phone Holder [Funny Thumb Phone Stand] Universal Mount Holder, Fits Phones and Tablets, Keeps Device Secure, Hands-Free Watching, Protects Phone from Sliding and Scratches,Smart Mobile Phone and tablet PC Stand Holder Portable OK Stand Thumb for iPad, iPad Mini, iPhone 6, iPhone 6 plus, iPhone 5, Samsung Galaxy HTC and other Mobile Phones Tablet (BLACK AND BLUE)                                                      ","          JUNING(TM) Unlocked GSM Cell Phones 5.0"" Anroid 5.1 Dual SIM Quad Core ROM 4GB 5.0MP Cameras 3G Smartphone Moblie phone Gold                                                      ","          Jethro [SC118] Simple Unlocked Quad-band GSM Senior & Kids Cell Phone, SOS Button, Easy to Use, Light Weight, Large Keyboard [New Firmware Edition]                                                      ",          LG G4C H525N 8GB 8MP 5-IN SILVER/METALLIC GREY FACTORY UNLOCKED 4G/LTE CELL PHONE                                                      ,          Samsung Galaxy Ace 4 Neo Lite G318ML Dual Sim Unlocked Cell Phone - Retail Packaging - Black                                                      ,          Sony Xperia E C1604 Dual-SIM Unlocked Android Phone--U.S. Warranty (Champagne)                                                      
          Unlocked Quad-band S29 Smart Watch Phone Support Camera TF Card Micro SD Card SIM Card Bluetooth Wrist Smartwatch Smart Mobile Phone (Silver)                                                      ,          aPhone A8 Quad Core unlocked smartphone 5 inch dual sim android smart cell phone GPS WiFi Bluetooth with Case(White)                                                      ,          LG Revolution 4G Android Phone (Verizon Wireless)                                                      ,"          Factory Unlocked No Contact 5'' inch Dual Core Dual Sim card android smart cell phone 512 MB,4G,Google play store (Comes With Two Batteries and a free case)                                                      ","          valword V5.5P3 Unlocked Android Smartphone with Quad Core, 3G and GSM                                                      ",          WOOL® Unlocked Cellphones 5.0 Inch Touch Screen Android 4.4 KitKat GSM / WCDMA Dual Sim Smartphones 3G Mobile MTK6572 Dual Core 4GB ROM 5MP Camera Wifi Bluetooth(Gold)                                                      ,          CNPGD® Watch Cell Phone Mobile Touch Screen Mp3 Mp4 Fm Radio (Black/Gold)                                                      ,"          DTECH @ 2 peces Thumb Shape Cell Phone Stands Mobile phone Tablet Thumb Lazy Stents for iPhone 5 , iPhone 6 plus, Samsung Apple Lenovo Dell Asus Google iPhone LG HTC Nokia Motorola iPad iPad2 and All Other Mobile Phones,Ok Stand Universal Flexible Thumb Smartphone Stand Holder, Tablet Mount Holder, for Any Cellphone, Stand Holder for Apple iPhone 4 4s iphone 5 Samsung Galaxy s3 SIII Samsung GALAXY S6,S6 EDGE.Note II iPad 2 3 ipad mini iPod Nokia LG HTC One X etc,RING Essentials "" Cell Phone and Tablets Anti Drop Ring for iPhone 6 plus iPad mini iPad2 iPad iPod Samsung GALAXY NOTE S5 Universal Mobile Devices,OK Phone Holder [Funny Thumb Phone Stand] Universal Mount Holder, Fits Phones and Tablets, Keeps Device Secure, Hands-Free Watching, Protects Phone from Sliding and Scratches,Smart Mobile Phone and tablet PC Stand Holder Portable OK Stand Thumb for iPad, iPad Mini, iPhone 6, iPhone 6 plus, iPhone 5, Samsung Galaxy HTC and other Mobile Phones Tablet (BLUE AND GREEN)                                                      ",          5.0'' IPS Touch Cubot X6 Octa Core 1.7ghz Dual Sim 3g Android Mobile Smartphone-white                                                      ,          EasySMX vkworld Z2 Klapphandy Elderly Cell Phone Dual SIM Card Flip Phone Unlock SIM Card Free 3G with SOS Button/Flashlight Large Buttons Loud Sound Small and Easy to Use (Gold)                                                      
          Unlocked Quad-band S29 Smart Watch Phone Support Camera TF Card Micro SD Card SIM Card Bluetooth Wrist Smartwatch Smart Mobile Phone (Black)                                                      ,          Sony Xperia M4 Aqua 16GB GSM/LTE Unlocked Cell Phone - Black (U.S. Warranty)                                                      ,"          HTC DROID INCREDIBLE 2 Android Phone, Black (Verizon Wireless)                                                      ",          Posh Mobile Revel Pro X510 - Factory Unlocked Phone - Retail Packaging - White                                                      ,"          Samsung Galaxy S6 SM-G920i Unlocked Cellphone, 32GB, Black Sapphire                                                      ",          Posh Mobile Equal Max S900 Unlocked Phone - Retail Packaging - Black                                                      ,          Janizz Unlocked Rugged Big Button Dual Sim Senior Elderly Cell Mobile Phone Waterproof                                                      ,          Samsung Galaxy Ace 4 Neo G318ML Factory Unlocked GSM Dual-Core Android Smartphone - Black                                                      ,"          JUNING(TM) Unlocked Cell Phones 5.0"" Anroid 5.1 Dual SIM Quad Core ROM 4GB 5.0MP Cameras GSM Smartphone 3G Moblie phone White                                                      ","          JUNING(TM) 5.5"" Unlocked Android 5.1 Dual Sim Smartphone MTK6580 Quad Core ROM 4GB 5.0MP Camera Cell phones Moblie Phone Black                                                      "
          APhone 5 inch Unlocked Dual Sim Smartphone - Black                                                      ,          aPhone slim6 6.8mm thickness unlocked 5 inch QHD LCD dual-Core MTK6572M CPU 512MB RAM 4GB ROM android smart cell phone (Black)                                                      ,"          BLU Win HD 5-Inch Windows Phone 8.1, 8MP Camera Unlocked Cell Phones - White                                                      ","          LG Optimus L5 II Dual E455 5MP, 3G, 4GB, 4"", Jelly Bean, WIFI Factory Unlocked World Mobile Phone - White - International Version No Warranty                                                      ",          Motorola VU204 No Contract Camera Bluetooth Cell Phone Verizon Wireless                                                      ,"          BLU Win HD 5-Inch Windows Phone 8.1, 8MP Camera Unlocked Cell Phones - Orange                                                      ",          Virgin Mobile - Apple Iphone 4 with 8gb Memory No-contract Phone - Black                                                      ,          Yezz Andy 3.5E - Factory Unlocked Phone - Retail Packaging - White/White                                                      ,"          Padgene New Version Vogue 6"" Android 5.1 Unlocked Smartphone, 4 Cores, Dual Sim, Dual Camera, 2G / 3G GSM Touchscreen Smartphone, Black                                                      ",          BlackBerry 8530 Prepaid Phone (Virgin Mobile)                                                      
          Kocaso Freedom One Unlocked Smartphone Dual 2G SIM Slot - WiFi - Bluetooth - Android 4.2 - Dual Camera (Black)                                                      ,"          Nokia X Dual Sim , 3MP, 4GB, 3G, Jelly Bean Factory Unlocked World Mobile Phone - White                                                      ",          HAMSWAN® IP67 Waterproof Mobile Phone Dustproof Shockproof Rugged Outdoor Cell Phones Camera Bluetooth Cheap Phone (Gray)                                                      ,"          Padgene 5"" Android 4.4 Unlocked Quad Core Dual Sim Smartphone Cell Phone (Silver)                                                      ","          Original UMI ROME 5.5"" Screen Invtepy® MTK6753 Octa Core 4G FDD LTE Mobile Phone Android 5.1 13.0MP+2.0MP Camera 3GB RAM 16GB ROM Smartphone (Golden)                                                      ",          HAMSWAN® IP67 Waterproof Mobile Phone Dustproof Shockproof Rugged Outdoor Cell Phones Camera Bluetooth Cheap Phone (Gold)                                                      ,          Unlocked Quad-band S29 Smart Watch Phone Support Camera TF Card Micro SD Card SIM Card Bluetooth Wrist Smartwatch Smart Mobile Phone (Golden)                                                      ,          Android 4.2 Dual SIM Mtk6582 Quad Core Mp4 Wifi GPS Cell Phone N8000 GSM 3g Free Tether Wifi GPS At&t T-mobile No Contract Phone black                                                      ,"          POSH Kick X511a - 5.0"" IPS LCD, 4G, Android 4.4 Kit Kat, Quad-core, 8GB, 5MP Camera, Ultra Slim, Multi-colored, Dual Sim UNLOCKED Smartphone (Gold)                                                      ","          POSH Kick Lite S410a - 4.0"", 4G HSDPA+, Android 4.4 Kit Kat, Dual-core, 4GB, 2MP Camera, Compact fun-size UNLOCKED Smartphone (Pink)                                                      "
          Samsung Galaxy S4 I337 16GB 4G LTE Unlocked GSM Smartphone - Black                                                      ,          Unlocked! GSM 7''inch Android 4.2 Dual Core Smart Cell Phone + Tablet PC w/ Google Play Store 2-in-1 Phablet (Free Bluetooth Headset)                                                      ,          Unlocked Dual SIM Branded Android 4.4 Dual Core Smartphone (Rose)                                                      ,          Banpa® Quadband Dual Sim GSM/2G Unlocked 3.5 Inch Capacitive Touch Screen Featured Phone with Bluetooth Enabled Camera FM Radio JAVA Games (White)                                                      ,"          LG G3 Stylus 3G D690, Dual Sim, 8GB, Unlocked (White) - International Version (No Warranty)                                                      ",          Samsung Galaxy S5 G900M 16GB Unlocked GSM Cell Phone w/ USA 4G LTE - White                                                      ,"          LG G3 D851 4G LTE, 32GB, (GSM Unlocked‎) Smartphone, Metallic Black                                                      ",          AWOW CQ1801S Unlocked GSM Single-SIM Cell Phone w/ Camera and 750 mAh Battery Multi Languages- Unlocked Cell Phones - Retail Packaging - Black/Red                                                      ,          Janizz Unlocked Simple Big Button Gsm Mobile Cell Phone for Seniors Elderly with Sos 76                                                      ,          LG Remarq LN240 No Contract Camera QWERTY MP3 CDMA Slider Cell Phone Sprint                                                      
"          Nokia C3-00 Unlocked Cell Phone (Slate) with QWERTY, Dedicated E-mail Key, 2 MP Camera, Media Player, WLAN, and MicroSD Slot                                                      ","          verykool Maverick LTE SL5550 manufacture unlocked GSM smartphone 4G LTE 5.5"" 13MP + 8MP cameras Android 5.1 Lollipop 1.0GHz 16GB + 64GB external storage tempered glass-White                                                      ",          Twinbuys E1 Ultra Thin Mini Card Pocket Phone Long Standby Low Radiation Support GSM Bluetooth MP3 FM Radio Alarm Clock for Students Children (black)                                                      ,"          POSH Orion Pro X500a - 5.0"", 4G, Android 4.4 Kit Kat, Quad-core, 4GB, 5MP Camera, Dual Sim Smartphone (White)                                                      ",          MuchBuy Classic Old Vintage Brick Cell Phone GSM 900/1800/1900MHz                                                      ,"          Padgene E8 Plus 6"" Android 4.4.2 Unlocked Smart Phone, Dual Core / Sim / Camera, 2G / 3G GSM WCDMA IPS Smartphone, Black                                                      ",          T-Mobile Prepaid LG GS170 No-Contract Mobile Phone Red                                                      ,"          SODIAL Unlocked Quadband Dual Sim Android 4.2 with 4.0"" Touch Screen Unlocked Cell Phone White Newest Model                                                      ","          Sky Devices 5.0S - 5.0"" HD Display, 4G GSM Unlocked, Android 4.4 Kit Kat, 1.3 GHz Quad Core, 8GB Internal Memory, 13MP Camera, Dual Sim Smartphone- (Silver)                                                      ","          POSH Titan HD E550a - 5.5"" HD, 4G, Android 4.4 Kit Kat, Octa-core, 8GB, 13MP Camera, Ultra Slim, Dual Sim UNLOCKED Smartphone (White)                                                      "
          Samsung Galaxy S4 I9505 16GB Unlocked GSM 4G LTE Quad-Core Phone - Black                                                      ,"          Padgene Hi-Fi 5"" Android 4.4.2 Unlocked Smart Phone With Beauty Camera, Dual Core / Sim / Camera, 2G / 3G GSM WCDMA QHD Smartphone, Gold                                                      ","          Padgene Hi-Fi 5"" Android 4.4.2 Unlocked Smart Phone With Beauty Camera, Dual Core / Sim / Camera, 2G / 3G GSM WCDMA QHD Smartphone, White                                                      ","          JUNING(TM) Unlocked Dual SIM Smartphones 5.0"" Anroid 4.4 MTK6572 Dual Core ROM 4GB 5.0MP Camera Cell Phones Moblie phone Gold                                                      ","          Ip68 Waterproof 4.3"" Outdoor Military Quadcore Cellphone Rugged Unlocked Dual SIM 8m Camera Mobile Phone A9                                                      ","          Samsung Galaxy S II 4G Prepaid Android Phone, Titanium (Virgin Mobile)                                                      ",          Coofone Ultrathin Credit Card Size OLED Screen Mini Cell 2G GSM Mobile Phone Unlocked (Red)                                                      ,          Twinbuys E1 Ultra Thin Mini Card Pocket Phone Long Standby Low Radiation Support GSM Bluetooth MP3 FM Radio Alarm Clock for Students Children (White)                                                      ,          HTC EVO Design SL892 Android Phone (BOOST MOBILE) Evo Design 4G by HTC (Boost)‎                                                      ,          Virgin Mobile - Apple Iphone 4s 16gb Memory No-contract Mobile Phone - White                                                      
          BLU ENERGY X Smartphone - With 4000 mAh Super Battery - GSM Unlocked - Gold                                                      ,          Lenovo K900 Smart Cell Phone (with 16GB TF Card) 5.5 Inch Android 4.2 OTG 13MP 1920*1080 (FHD) RAM 2GB+ROM 16GB Inter Atom 2.0GHz Dual Core Micro SIM WCDMA GSM (Phone+ 16GB TF Card)                                                      ,"          LG Lucid 2, Black 8GB (Verizon Wireless)                                                      ",          BLU Studio 7.0 II -Unlocked Smartphone - US GSM - Blue                                                      ,          Win Jr LTE - Pink                                                      ,          BMALL Unlocked Cell Phone with Dual SIM Card 2.0'' HD Display Shockproof/Waterproof feature phones GSM 850/900/1800/1900MHz (Camo)                                                      ,"          Yuntab Octa-core 5 Inch 3G Unlocked Cell Phone, CPU MTK6592 Android 4.4 Bluetooth 4.0 Support GPS, IPS 720*1280, Dual camera(2MP+8MP), with Phone Case Included                                                      ","          HuaWei Honor 3C 5.0"" 4G LTE Smartphone(Android 4.4,Dual Camera,WiFi,Hisilicon K910,1.6Ghz,Quad Core,1GB+8GB)                                                      ",          Coofone Ultrathin Credit Card Size Mini Cell Phone 2G GSM Mobile Phone Unlocked (Blue)                                                      ,          Samsung C3590 Unlocked Cell Phone - Retail Packaging - Black                                                      
"          verykool s4010 Gazelle 4.0"" TFT LCD Unlocked GSM Smartphone Android 4.4                                                      ",          Snopow M8 Ip68 Waterproof Dustproof Shockproof Snowproof Rugged Outdoor Hiking 3g Unlocked Cell Phone Dual Sim Quad Core Android 4.4/ PTT Walkie-talkie NFC OTG LED Torch Gps 4.5 Inch Smartphone（black）                                                      ,          HTC Radar C110E Unlocked GSM Phone - White/Silver                                                      ,"          Polaroid A5WH 5"" Unlocked Smartphone, No Contract, 4G HSPA+ Dual SIM GSM, Android 4.4 KitKat, One Year Warranty,Retail Packaging, White                                                      ",          WOOL® Unlocked Cellphones 5.0 Inch Touch Screen Android 4.4 KitKat GSM / WCDMA Dual Sim Smartphones 3G Mobile MTK6572 Dual Core 4GB ROM 5MP Camera Wifi Bluetooth(White)                                                      ,          Banpa® Quadband Dual Sim GSM/2G Unlocked 3.5 Inch Capacitive Touch Screen Featured Phone with Bluetooth Enabled Camera FM Radio JAVA Games (Black)                                                      ,"          POSH Revel S500a - 5.0"", 4G, Android 4.4 Kit Kat, Dual-core, 4GB, 8MP Camera, Dual Sim Smartphone (White)                                                      ","          POSH Lynx A100a - 1.8"", VGA Camera, Dual Sim Feature Phone (Black/ Blue)                                                      ",          Unlocked Cubot GT72+ 4.0 inch Android 4.4 Smartphone MTK6572 Dual Core Mobile Phone GPS WiFi Cellphone (White)                                                      ,"          NUU Mobile NU2S 4.5"" qHD Android Lollipop 3G Smartphone (Black)                                                      "
          Samsung Galaxy Ace 4 G316M Unlocked GSM HSPA+ Android Cell Phone - White                                                      ,"          POSH Lynx A100a - 1.8"", Single-core, 32MB , VGA Camera, Dual Sim Feature Phone (Black/ Red)                                                      ","          Indigi® Unlocked Indigi 5.5-inch Dual-Core 3G Android 4.4 Smart Cell Phone Google Play Store Supported (Facebook, Twitter, WhatsApp, Skype, Instagram, YouTube, Netflix and more)                                                      ","          HTC S621 HTC S621 Unlocked PDA SmartPhone with Camera, Windows Mobile 5.0, Wi-Fi, MP3/Video Player, MicroSD Slot - No Warranty - Black                                                      ",          Newsunshine AN1 Android 4.1 Dual Core 2.0 Inch Touch Screen Smart Watch Cell Phone Watch Mobile Phone 2.0 MP WiFi FM GPS                                                      ,"          Jethro [SC628] 3G Unlocked Senior & Kids Cell Phone, Easy to Use, SOS Button, Large Display & keypad, Hearing Aid Compatible [Black Color]                                                      ",          Posh Mobile Icon S510 - Factory Unlocked Phone - Retail Packaging (Rose Gold)                                                      ,          katito AiEK M3 Mini Pocket Ultra Slim OLED Cell Mobile Phone GSM M3 MP3 Bluetooth Card Size (Gold)                                                      ,          katito AiEK M3 Mini Pocket Ultra Slim OLED Cell Mobile Phone GSM M3 MP3 Bluetooth Card Size (White)                                                      ,          Que Products 1.8 Bolt Unlocked GSM Worldwide Dual SIM Cell Phone - Retail Packaging - Black                                                      
          Mlais M52 Red Note 4g LTE Cell Phones Mtk6752 64bit Octa Core Android 5.0 2gb 16gb 5.5 Inch 13.0mp Camera Dual SIM 3200mah (Black&white)                                                      ,          Ultra-thin 5 Inch Unlocked Smartphone Android 5.0 Dual SIM No Contract Phones - 1.3ghz Quad-core RAM 2g Bluetooth 1280x720 LCD Screen 13mp Gsm/3g Network Mobile Phones 16gb (Silver)                                                      ,          Unlocked Smartphone 4.0 Inch Dual SIM Android 4.4 with Dual Core 1.0ghz Processor GSM / 3g/ Wifi Network Bluetooth No Contract Phones Mobile Phone (White)                                                      ,          Kocaso Freedom One Unlocked Smartphone Dual 2G SIM Slot - WiFi - Bluetooth - Android 4.2 - Dual Camera (Red)                                                      ,          Kocaso Flash One 3G Smartphone - Unlocked - Black                                                      ,"          POSH Titan HD E550a - 5.5"" HD, 4G, Android 4.4 Kit Kat, Octa-core, 8GB, 13MP Camera, Ultra Slim, Dual Sim UNLOCKED Smartphone (Black)                                                      ",          Cyrus CM7 DUAL SIM WATERPROOF DUSTPROOF SHOCKPROOF Outdoor Smartphone Silver-Black                                                      ,          Posh Mobile Primo Plus C353 - Factory Unlocked Phone - Retail Packaging - White                                                      ,"          Unlocked DOOGEE TITANS2 DG700 4.5"" OGS IPS Android 4.4.2 3G Smartphone(GPS, OTG, OTA, RAM 1GB, ROM 8GB, Dual Camera)IP67 Military Grade Waterproof dustproof Anti-Scratch Shockproof Outdoor Ruggedized                                                      ","          POSH Titan HD E550a - 5.5"" HD, 4G, Android 4.4 Kit Kat, Octa-core, 8GB, 13MP Camera, Ultra Slim, Dual Sim UNLOCKED Smartphone (Blue)                                                      "
          Posh Mobile Equal Max S900 Unlocked Phone - Retail Packaging - White                                                      ,"          Samsung Galaxy Grand Prime Dual Sim Factory Unlocked Phone, International Version Retail Packaging, Gold                                                      ","          Padgene Hi-Fi 5"" Android 4.4.2 Unlocked Smart Phone With Beauty Camera, Dual Core / Sim / Camera, 2G / 3G GSM WCDMA QHD Smartphone, Black                                                      ",          verykool  i1211 (Green) - Unlocked Cell Phones - Retail Packaging - Green                                                      ,"          Yuntab 5.5 Inch 3G Quad Core Android Smartphone Cell phone with Capacitive Pen, Phone Case , 1280*720, IPS Screen , Dual Camera 0.3MP+ 8MP With Unique Face Recognition (Navy)                                                      ",          BLU Studio 7.0 II -Unlocked Smartphone - US GSM - Grey                                                      ,"          Unifane 5"" dual Sim Dual Core Android 4.2 GPS Mobile Smart Phone S4 Unlocked Three SIM Card Standby (1 X SIM Card Slot and 1 X Micro SIM Card Slot) 3G White                                                      ",          WOOL® Unlocked 5.0 Inch 3G Smart Cell Phone Capacitive Screen Android 4.4 MTK6572W Dual Core 1.3GHz 5MP Camera RAM 512MB ROM 4GB Dual Sim GPS Wifi Bluetooth(Black)                                                      ,"          5.5 inch Cell Phone Smartphone 5.5"" Thouch Screen Android 4.4.2 Moblie Phone GSM/WCDMA Dual Sim Black                                                      ","          UHAPPY Touch Screen 5"" QHD MTK6582 Dual SIM Quad Core Unlocked Android 4.4 Smartphone, 1.3GHz GSM/WCDMA Wifi GPS 3G Mobile Phone Cellphone                                                      "
          Nokia Lumia 920 32GB Unlocked GSM 4G LTE Windows 8 OS Smartphone - Black                                                      ,"          5.5 inch Cell Phone Smartphone 5.5"" Thouch Screen Android 4.4.2 Moblie Phone WCDMA/GSM Dual Sim Golden                                                      ","          POSH Kick Lite S410a - 4.0"", 4G HSDPA+, Android 4.4 Kit Kat, Dual-core, 4GB, 2MP Camera, Compact fun-size UNLOCKED Smartphone (Black)                                                      ","          New N388 Unlocked 1.4"" Touch Screen Watch Mobile Phone Adjustable Band Cell phone                                                      ",          aPhone A8 Quad Core unlocked smartphone 5 inch dual sim android smart cell phone GPS WiFi Bluetooth with Case(Black)                                                      ,          BLU Diva II Unlocked GSM Dual-SIM Cell Phone with Camera - Retail Packaging - Black                                                      ,"          iRULU Victory 3 V3 4G LTE Smartphone,8GB Unlocked Cell Phones - Coffee                                                      ","          Que Products Unlocked Android Smartphone with Dual Core 1.3ghz Processor, Cortex A7, 5.0 Inch Screen, GSM Unlocked - Unlocked Cell Phones - Retail Packaging - Pink                                                      ",          Blackberry 8350i Curve Nextel Boost Mobile Pda Cell Phone                                                      ,          Wishring Quad Band GSM Cell Phone for Senior Elder (Black)                                                      
          Mini Cool 2.45 Inches Dual Core Android 4.42 Os Smart Phone Unlocked                                                      ,          BLU Diva II T275T Unlocked GSM Dual-SIM Cell Phone w/ Camera - Unlocked Cell Phones - Retail Packaging - Yellow                                                      ,"          Huawei U8510 IDEOS X3, Android OS, 3MP, 3G, WIFI Factory Unlocked World Mobile Phone - Black                                                      ",          Tomorrow Mini Cell Phone GSM 320mAh 1'' Mini Ultra Thin M5 4.8mm Pocket Card (Black)                                                      ,"          AWOW 4 Inch Android 4.4 Smartphones Quad-core CortexA7, 1.2Ghz Dual Sim Dual Standby RAM,512M 4GB external 32GB Dual Camera Wifi Bluetooth,FM,GPS, Unlocked cellphone CQ4005S (Black)                                                      ","          POSH Revel S500a - 5.0"", 4G, Android 4.4 Kit Kat, Dual-core, 4GB, 8MP Camera, Dual Sim Smartphone (Black)                                                      ",          Samsung Galaxy Ace 4 Neo Lite Dual SIM G318ML/DS Unlocked Cell Phone Ceramic White                                                      ,"          POSH Titan Max HD  E600a - 6.0"" HD , 4G , Android 4.4 Kit Kat, Octa-core, 8GB , 13MP Camera, Ultra Slim, Dual Sim Phablet, Voice Calling Enabled (White)                                                      ","          Unlocked NUU Mobile NU3S 4.7"" HD HSPA+ Smartphone, White                                                      ","          Plum Z708 Phablet Unlocked Android Smart Phone - 7"" HD Display 16 GB Dual SIM GSM Quad Band 4G HSPA+ (Black)                                                      "
          Janizz Unlocked Simple Big Button Gsm Mobile Cell Phone for Seniors. Great Phone and Very Simple to Use with Cradle                                                      ,          Crony M5 Mini Card Cell Phones Ultra Thin Student Version (Black)                                                      ,"          KINGZONE N5 Smartphone 4G FDD-LTE 5"" Inch Android 5.1 MTK6735 Quad Core 1.0GHz RAM 2GB ROM 16GB Dual SIM Unlocked GPS HD 1280 x 720 Resolution 5inch Mobile Phone (Pink)                                                      ",          Unlocked Samsung S III 4g LTE 16gb Marble White                                                      ,"          5.5 inch Cell Phone Smartphone 5.5"" Thouch Screen Android 4.4.2 Moblie Phone GSM/WCDMA Dual Sim White                                                      ",          Samsung Galaxy S II Skyrocket i727 16GB Unlocked GSM 4G LTE Smartphone - Black                                                      ,          Coofone Ultrathin Credit Card Size Mini Cell Phone 2G GSM Mobile Phone Unlocked (Yellow)                                                      ,"          POSH Titan HD E500a - 5.0"" HD, 4G, Android 4.4 Kit Kat, Octa-core, 8GB , 13MP Camera, Ultra Slim, Dual Sim Smartphone (White)                                                      ",          Samsung SCH-A930 CDMA 3G Cell Phone Black Verizon or PagePlus                                                      ,          Samsung M330 Mobile Cell Phone (Sprint CDMA)                                                      
          LG Electronics G3 Stylus D690 Dual SIM - Factory Unlocked Phone - Retail Packaging (Black Titanium)                                                      ,          Sony Xperia E C1504 Unlocked Android Phone--U.S. Warranty (Black)                                                      ,"          Atoah® 6.0-inch Smartphone 960*540 IPS Screen Dual core Android 4.2 WIFI GPS 3G coverage on all US GSM networks like AT&T, T Mobile,Net 10 Simple mogile etc) Dual Sim slot Dual Core 4GB bluetooth, Dual camera Dual Sim Mobile，Unlock Cell Phones (White)                                                      ","          Samsung A157 Unlocked GSM Cell Phone with Internet Browser, 3G Capabilities, SMS & MMS and Speakerphone - Black                                                      ",          HTC One X 16GB Unlocked GSM 4G LTE Android Cell Phone w/ Beats Audio - White                                                      ,"          Yezz Andy 3.5E2 Unlocked Android Phone, with interchangeable colors back covers - Yellow                                                      ","          POSH Kick X511a - 5.0"" IPS LCD, 4G, Android 4.4 Kit Kat, Quad-core, 8GB, 5MP Camera, Ultra Slim, Multi-colored, Dual Sim UNLOCKED Smartphone (Black)                                                      ","          POSH Kick X511a - 5.0"" IPS LCD, 4G, Android 4.4 Kit Kat, Quad-core, 8GB, 5MP Camera, Ultra Slim, Multi-colored, Dual Sim UNLOCKED Smartphone (Blue)                                                      ",          Smartphone 1.0g Dual Core Dual SIM 4.0 Inch LCD Screen No-contract Mobile Phone (Rose)                                                      ,"          Valword Factory Unlocked Android Smart Cell Phone, Quad Core 5-Inch HD Touch Screen                                                      "
          Casio G'zOne Ravine C751 Rugged Cell Phone Verizon                                                      ,"          Posh Mobile Orion Max X550a - 4G Android Smartphone, GSM Unlocked, 5.5"" Display, Dual Sim, Quad Core, 8MP Camera, 1 Year USA Warranty - Blue                                                      ","          TTfone Venus 2 (TT31) Big Button Flip Mobile Phone - Dual Screen, Bluetooth, Folding, Camera, Unlocked, SOS Button - Black - with free Dock                                                      ","          SONY Xperia T2 Ultra 4G 6"" Cell Phone GSM Unlocked 1GB Wi-Fi- Black                                                      ","          5"" LANDVO L200 IPS QHD Screen 3G Smartphone Android 4.4 MTK6582 1.3GHz Quad Core Mobile Phone 1G RAM 8G ROM GPS Cellphone WIFI Black include Floureon® TF Card Reader                                                      ",          BMALL Unlocked Cell Phone with Dual SIM Card 2.0'' HD Display Shockproof/Waterproof feature phones GSM 850/900/1800/1900MHz (Black)                                                      ,          CATERPILLAR CAT B15 IP67 ULTRA RUGGED BLACK FACTORY UNLOCKED SINGLE SIM CELL PHONE(2G 850/900/1800/1900 & 3G 900/2100)                                                      ,          Luowan v8 rugged 4.0 inch duskproof shakeproof 3G outdoor Smartphone android OS (Orange)                                                      ,"          verykool s4010 Gazelle 4.0"" LCD Unlocked GSM Smartphone Android 4.4, Yellow                                                      ",          LG GM750 QUAD-BAND UNLOCKED GSM INTERNATIONAL VERSION WI-FI 5 MP CAMERA MEDIA PLAYER BLUETOOTH MUSIC/VIDEO TOUCH SCREEN MOBILE PHONE                                                      
          BLU Dash C Music-US GSM - Unlocked Cell Phone (White/Blue)                                                      ,          LG G2 D803 32GB 4G LTE Unlocked GSM Android Cell Phone - Black                                                      ,"          Padgene New Version Vogue 6"" Android 5.1 Unlocked Smartphone, 4 Cores, Dual Sim, Dual Camera, 2G / 3G GSM Touchscreen Smartphone, White                                                      ",          Coofone Ultrathin Credit Card Size OLED Mini Cell 2G GSM Mobile Phone Unlocked (White)                                                      ,          Fashion F10 - Factory Unlocked Phone - Yezz Wireless (Blue)                                                      ,          Motorola Nextel I880 Boost Mobile Phone                                                      ,          Samsung GT-E1205L Keystone 2 Dual Band GSM Phone with FM Rad (Discontinued by Manufacturer)                                                      ,          Unlock Original Lenovo A396 4.0 Inch 3g Android 2.3 Smart Phone Sc8830a Quad Core 1.3ghz Wcdma & GSM Network (Black)                                                      ,          Doogee Voyager2 Dg310 8gb 5.0 Inch 3g Android 4.4 Kitkat Smart Phone Mtk6582 Quad Core 1.3ghz Ram: 1gb Dual Sim Flexible Battery Cover Gesture Smart Wake Lg Screen Wcdma & GSM                                                      ,"          verykool Lynx II 3503 3.5"" 4G Unlocked GSM Smartphone Android 4.4 Dual SIM 1.0GHz 2 MP Rear Camera 1.3MP Front 720p Video HD AT&T T-Mobile BLU -Black                                                      "
          Samsung Galaxy S5 G900M 16GB Unlocked GSM Cell Phone w/ USA 4G LTE - Black                                                      ,          Original Lenovo A850+ 5.5 Inch QHD IPS Mtk6592 Octa Core Russian Android 4.2 Mobile Cell Phone 1gb 4gb GPS Black/white (Black)                                                      ,          Original Leagoo Lead 5 MTK6582 Quad Core Mobile Phone Android 4.4 1GB+8GB 8MP+3.2MP Camera 5.0inch OGS Screen 3G GPS Smartphone (Black)                                                      ,"          Lenovo A806 5.0'HD Android 4.2 4G FDD Smartphone Unlocked Cell Phone Android Phones (WiFi,GPS,Octa Core,2GB+16GB,13MP+5MP)                                                      ","          verykool Lynx II 3503 3.5"" 4G Unlocked GSM Smartphone Android 4.4 Dual SIM 1.0GHz 2 MP Rear Camera 1.3MP Front 720p Video HD AT&T T-Mobile BLU -Blue                                                      ",          Alcatel OneTouch POP C9 Android Quad Core 4G unlocked smartphone with dual cameras - Unlocked Cell Phones - Retail Packaging - White                                                      ,"          RCA M1 Unlocked Cell Phone, Dual Sim, 5Mp Camera, Android 4.4, 1.3Ghz (Black)                                                      ","          AXGIO Wing W2 5.0"" HD IPS TouchScreen Android 4.2.2 OS MTK6582 1.3GHz Quad Core 3G Unlocked Smart Phone Cell Phone Mobile Phone Cellphone Dual-SIM 8MP CAM WIFI Bluetooth GPS HSPA+ At&t, T-mobile with Fun Color Gift: 3 Free Back Cover White/Yellow/Champagne                                                      ","          Posh Mobile Memo S580a - 5.8"" Display, 4G H+ GSM Unlocked Smartphone - 1 Year USA Warranty - White                                                      ",          BLU Neo 4.5 Dual Core 4G HSPA+ 850/1700/1900 Unlocked Cell Phone - Retail Packaging - White                                                      
          Nokia 220 RM-971 Unlocked Cell Phone with 2MP Camera (Black)                                                      ,"          Nokia Unlocked Lumia 520 3G Phone, 4-Inch Touch Screen, 5MP 720P Camera, Windows Phone (Black)                                                      ",          CELLALLURE Smart III GSM Factory Unlocked Phone - Retail Packaging - Yellow                                                      ,          Huawei Honor+ U8950D Ascend G600 Dual Sim Android 4.0 smartphone mobile phone                                                      ,          BLU Jenny TV 2.8 T276T Unlocked GSM Dual-SIM Cell Phone w/ 1.3MP Camera - Unlocked Cell Phones - Retail Packaging - Black Red                                                      ,"          Unlocked Cubot GT95 4.0 inches Android 4.4 Smartphone MTK6572, Cortex A7 Qual Core, 1.0GHz Dual SIM Card Dual Standby Mobile Phone GPS WiFi Cellphone (GT95 White)                                                      ",          Verizon HTC Touch Pro XV6850 No Contract Phone                                                      ,"          LG G3 Stylus 3G D690, Dual Sim, 8GB, Unlocked (Gold) -International Version (No Warranty)                                                      ",          Posh Mobile Icon S510 - Factory Unlocked Phone - Retail Packaging (Gray)                                                      ,          Posh Mobile Primo Plus C353 - Factory Unlocked Phone - Retail Packaging - Yellow                                                      
"          CBSKY® NO.1 X-men X2 4G FDD-LTE IP68 Waterproof Smart Phone,Dustproof Shockproof Rugged Outdoor Android 4.4 Qualcomm MSM8916，Quad Core 5.5"" 1GB RAM 8GB ROM 5MP 13MP Dual Cameras (Yellow)                                                      ","          verykool Giant s5020 5.0"" LCD Android 5.1 Unlocked GSM Smartphone (burgundy)                                                      ","          verykool s4006Q Leo 3G world phone 4.0"" LCD Unlocked GSM Smartphone Android 4.4 (burgundy)                                                      ",          GSM Unlocked 5.5-inch 3G Speed DualSim Android Smart Cell Phone AT&T T-Mobile Straight Talk                                                      ,          Galaxy S4 I545 16GB Verizon CDMA Cell Phone (Black Blue)                                                      ,"          verykool Maverick Jr. s5516 5.5"" 4G Unlocked GSM Smartphone Dual SIM Android 4.4 (white)                                                      ",          Motorola Photon 4G Android Phone (Sprint)                                                      ,          BLU Studio 5.0 C HD Quad Core - Unlocked Cell Phone - (White)                                                      ,          ZTE Grand S 4G Mobile Phone | Unlocked                                                      ,          Samsung Gusto 3 Verizon CDMA Page Plus No Contract Flip Cell Phone - Midnight Blue                                                      
          LXLG® Unlocked 5.0 Inch IPS Screen Anroid 5.1 MTK6580 Quad Core Dual SIM Dual Standby RAM 512MB ROM 4GB Cellphone Mobile Phone 3G Phone Smartphone 5.0MP Camera (Black)                                                      ,"          Samsung Galaxy Star S5282 4GB, 2MP, Jelly Bean, Dual Sim Factory Unlocked World Mobile Phone - Black                                                      ","          Samsung Gravity TXT T379 Unlocked GSM Phone with 3G capabilities, 2MP Camera, Bluetooth, GPS, Number-Pad + QWERTY Keyboard, MP3/MP4 Player and microSD Slot - Gray                                                      ",          Lenovo A916 4G Unlocked Smartphone (gift-16GB TF Card) 5.5 inch Android 4.4 MT6592M+6290 Octa 8 Core 1.4GHz 1GB 8GB 13MP Dual SIM FDD-LTE & WCDMA & GSM (Black+ 16GB TF Card)                                                      ,          HTC Desire 610 8GB Unlocked GSM 4G LTE Quad-Core Android 4.4 Smartphone - Black                                                      ,          LG Unlocked GW525 Calisto Quad-band Cell Phone - White/Silver - International Version No Warranty                                                      ,          Yezz Andy 3.5E - Factory Unlocked Phone - Retail Packaging - Black/Black                                                      ,"          BlackBerry 8220 Flip Pearl Unlocked Phone , GPRS, EDGE, and 2 MP Camera--International Version with No Warranty                                                      ","          Posh Mobile Memo S580a - 5.8"" Display, 4G H+ GSM Unlocked Smartphone - 1 Year USA Warranty - Black                                                      ",          BLU Dash C Music-Global GSM - Unlocked Cell Phone (White/Gold)                                                      
          Jiake S6 5.0 inch Touchscreen Android 4.4.2 Unlock Smartphone MTK6582 1G+8G 1.3G Quad Core Cellphone (White)                                                      ,          Samsung SPH M930 Transform Ultra - Gray (Boost Mobile) Smartphone                                                      ,"          Nokia 6126 Cell Phone with Bluetooth, Internet, Music Player, Camera, Push-To-Talk (AT&T)                                                      ",          Sony Ericsson T303 Triband GSM World Phone (Unlocked) - Silver - International Version No Warranty                                                      ,          EasySMX VKWORLD 700 Pro Smart Phone Android 5.1 Operation System 5.5 inch HD Screen MTK6580 1.3GHz Quad-core CPU 1G RAM 8G ROM WCDMA GSM Dual SIM Card Standby 3200mAh Lithium Battery (White)                                                      ,          Janizz Unlocked Simple Big Button Gsm Mobile Cell Phone for Seniors.easy to Use.works Worldwide with Sos                                                      ,"          Original UMI ROME 5.5"" Screen Invtepy® MTK6753 Octa Core 4G FDD LTE Mobile Phone Android 5.1 13.0MP+2.0MP Camera 3GB RAM 16GB ROM Smartphone (Golden)                                                      ",          CNPGD® Watch Cell Phone Mobile Touch Screen Mp3 Mp4 Fm Radio (Black/Silver)                                                      ,"          2.45 "" IPS Touch Screen the World's Smallest Android Smartphone Dual Sim Quadband                                                      ","          Ultra-thin Cell Phone M5 Smartphone 5"" Touch Screen Android 4.4 Moblie Phone GSM/WCDMA Dual Sim Phone Gold                                                      "
          BLU Q170T Samba TV Unlocked Dual SIM Quad-Band GSM Phone (Black/Blue)                                                      ,          Samsung Galaxy J2 J200M 8GB - Factory Unlocked Phone - Retail Packaging - Gold                                                      ,"          Padgene [Update Version] Vogue 6"" Android 5.1 Unlocked Smartphone, 4 Core, Dual Sim, Dual Camera, 2G / 3G GSM Touchscreen Smartphone, Gold                                                      ","          Motorola Moto X -  16GB, Unlocked Phone - US Warranty - White                                                      ","          Sony Xperia Z1 Compact 20MP, 3G, LTE, 16GB, Quad-Core Factory Unlocked World Mobile Phone - Black                                                      ",          BLU Studio C 5.0-Inch Android Smartphone with Lollipop OS - Unlocked (Orange)                                                      ,"          NUU Mobile Z8 5.5"" FHD Octa-Core Dual LTE SIM Unlocked Android Lollipop Smartphone with 2-Year Ltd Warranty, Black                                                      ",          Leagoo Lead 1 Quad Core MTK6582 Android 4.4 5.5'' IPS Screen Smartphone 1G RAM 8G ROM 13MP Camera Blue                                                      ,          Boost Mobile Mirro                                                      ,"          Plum Coach Plus II Unlocked Android Smart Phone - 6"" HD Display 4 GB Dual SIM GSM Quad Band 4G HSPA+ (Black)                                                      "
"          Vervan Vs5 5.0"" Android 4.4 3G Smartphone Quad Core,RAM 1GB, ROM 8G, White                                                      ","          verykool SL5550 Maverick LTE 5.5"" 4G LTE Unlocked GSM Smartphone  (black)                                                      ",          Lenovo A606 Smartphone 4G LTE Android 4.4 MTK6582 Quad Core 5.0 Inch (Black)                                                      ,          Win Jr LTE -White                                                      ,"          RCA M1 4.0 Unlocked Cell Phone, Dual SIM, 5MP Camera, Android 4.4, 1.3GHz (White)                                                      ","          Samsung Galaxy Exhibit 4G (T-Mobile),  t679                                                      ","          SKY Devices 5.5W Unlocked 4G Android Smartphone 5.5"" HD Display Dual SIM 8.0MP 4GB Internal Memory , Black                                                      ","          Janizz New Unlocked Simple Dual Sim Flip Phone Camera,tf Card Quad Band.works Worldwide,mp3,fm,whatsapp,bluetooth,alarm (RED)                                                      ",          Blackberry Curve 8320 Unlocked GSM Quad-Band Cell Phone - Titanium                                                      ,          Samsung Ativ S Neo I187 16GB Unlocked GSM 4G LTE Windows 8 Cell Phone - Blue                                                      
